example_id,child_id,child_role,child_text,parent_role,parent_text,child_before_parent,essay_text,suggested_verdict,suggestion_reason,verdict,notes,verdict_options
persuade:2D557A2D84E9,persuade-span:36c9df111945d6f808979162,Evidence,"It is widely reguarded as an anachronism, which means that its something that seems to belong in the past. And thats the past, were in the present. We have moved on from that and we need something new. It should just be overruled and like i said before something new. You want something that auctually takes your vote into consideration and not just letting some elector pick the president.",Claim,Last but not least the electoral college is just outdated and irrational.,False,"""ugh"" ""so tired of the same old voting preocess"" ""who even cares, not like we get to pick the president. Thats the sound of all the people who voted for someone to be President. As a voter id like to say that we shouldnt keep the electoral college for voting for President. Theres such good arguments on weather or not to keep it.

For my first reason im going to tell you how its just a unfair way of voting and its harsh. With the winner takes all system in each state, candidates dont spend time in states they know they have no chanve of winning. Focusing only on the tight races in the swing states. As said in source 2. When you vote with the electoral college you, the people arnt really voting for the president. Its the electors who aucutally vote for president and theres no point in you voting if they continue with the electoral college.

My second reason is that the electoral college is known as the diaster fator. To me thats not something i would want to persue in using while voting for my president. Consider that state legislatures are the ones responsible for picking electors, and that those electors could defy the will of the people as supported text from source number 2 as well. Given that many voters vote on one party the election can be expected to reflect the will of the people. The electoral college is just unfair to the people. They just pick someone without much reality put into it and there should be more thought to it or a wider range of votes.

Last but not least the electoral college is just outdated and irrational. It is widely reguarded as an anachronism, which means that its something that seems to belong in the past. And thats the past, were in the present. We have moved on from that and we need something new. It should just be overruled and like i said before something new. You want something that auctually takes your vote into consideration and not just letting some elector pick the president.

Yes the person with the most votes should win, but it really depends if they have the skills and criteria to run the country and be sucessful as the president. So as a voter, id like to say no more electoral college and something new!                                             ",supports,Child gives a reason/evidence for the parent's stance.,supports,confirmed by user,supports | elaborates | same_thread | attacks_or_rebuts | wrong_parent | unsure
persuade:4B6343C4BF5B,persuade-span:ef1d4e64b530824fe2c2a6e2,Claim,another con in the electoral college system is that the same fiasco in 2000 will break out again. ,Position,I think we should in take concideration in the next few years about changing are election to popular vote. ,False,"Dear,Senator

I think we should in take concideration in the next few years about changing are election to popular vote. I feel that are state would benefit in a positive way with the way that popular vote is set up. looking at the  past history the electoral college is not benefiting us in a positive direction. i qutoe this from the article ""over 60 percent of voters would pefer a direct election""with that being said lets look at the cons of the electoral college.

To begin with the electoral college system the people like me dont get to vote for president i have to vote for someone else to vote for me in that i feel like my vote doesnt count because what happens if i vote for a elector and he doesnt go for my person to win. That just makes me feel dumb then if the elector does vote for the same person asme its not really even final becuase that vote doesnt go towards the president it goes toward the state elector and its basically there choice. another con in the electoral college system is that the same fiasco in 2000 will break out again. were the legislatures are responsible for picking electors and they dont take in to concideration of other people votes. the con that could mostly impact america is a tie in the electoral vote. another reason the electoral college is an stupid way to vote is that the big states get better privelges than the smaller states they out rule the smaller states. Its final the electoral college is unfair outdatedand irrational.

the only reasons the electoral college is alive now is the cetainty outcome,everystates president,swing states,runoff elections .run off electionsn means basically  there will never be a blow out in the voting polls it will always be compitive with that being said with the presidents trying to run for president the will actually try to reach the peoples needs to meet there satisfactory. the swing states is sayiong that there one state isnt going to decide the whole election.                    ",supports,Child gives a reason/evidence for the parent's stance.,supports,confirmed by user,supports | elaborates | same_thread | attacks_or_rebuts | wrong_parent | unsure
persuade:F3B4F60CE90C,persuade-span:e752f87746dc61f9710ed7f6,Claim,"The Electoral College is a unrestricted and very poorly regulated process, and it is a very unfair process. Because of the winner-take-all system.",Position,We the people should do away with the Electoral College and instead switch to a more regulated system like majority voting. whichever cannidate that gets the most votes from the U.S. takes the win. ,False,"The Electoral colleg is a process in which the electors from the state pick the cannidate they want according to who has the popular vote. Which can also be a very biased process. The Electoral College is not registered or monitered enough because if an elector from the state wanted to pick who they want to win they could and there isn't really anything to stop them from doing so.

We the people should do away with the Electoral College and instead switch to a more regulated system like majority voting. whichever cannidate that gets the most votes from the U.S. takes the win. that way we wouldnt have to worry about our electors for the states being sneaky because there wont be any electors. State legislature is responsible for picking the electors and the electors sometimes defy the will of the people and cast the vote for who they want to win just like when Richard Nixon only validated his opponets electors in 1960. The Electoral College would be a more just way of voting if the electors were well monitored and if every state shared the same weight in the vote but unfortunatley, it's not like that so it needs to be done away with.

The Electoral College is a unrestricted and very poorly regulated process, and it is a very unfair process. Because of the winner-take-all system. In 1968, if 41,971 voters voted a diffrent way the election would have been deadlocked. In 1976, if roughkly 5,500 voters in Ohio and about 3,600 voters in Hawaii had voted for a diffrent person the election would have been a tie. And usually the bigger states are the only ones to actually see their cannidates because the cannidates dont neccesarily visit states with very few electoral votes because they wont help them as much instead, they visit the ""swing states"", the states that have a bigger weight in the presidential election.

However, on the other side the people that want to keep it are the ones that look at the few good things not the bad things. Of those helpful things that comes with the electoral college is it majorly decreases the chance of a run-off election in which no cannidate receives a majority of the votes cast. The Electoral college also puts out a certainty of outcome because there is less likely to be a dispute over the outcome in a popular vote then a dispute over an Electoral College vote.

Of course, in life there is always at least some good in things like the Electoral College but in this situation is does more harm then good. It is an overall unfair process because some states are less noticed because of how few electoral votes they hold and also because of the electors not being monitered on the vote they cast for their state. The Electoral College should be doen away with and as a united country we shall adopt a more fair, equal , and all together well monitered system of voting.    ",supports,Child gives a reason/evidence for the parent's stance.,supports,confirmed by user,supports | elaborates | same_thread | attacks_or_rebuts | wrong_parent | unsure
persuade:A55300746CE7,persuade-span:1ec0c57330ec02006399015d,Claim,The president should win over the most of our country with good qualitys that people want to see.,Position,Hoping for a mere 538 people to vote for our nations president seems like an unfair way of voting,False,"Hoping for a mere 538 people to vote for our nations president seems like an unfair way of voting. The Electoral College is a process of voting in which 538 electors vote for the new president for our nation, where 270 electoral votes is required to elect the President. Which ever elective has the most votes from states is the winner.

I believe that if the Electoral College was abolished, then we can have a more fair way of voting. Sure, The electoral college has some perks like a certainty of outcome, but there is more negatives on keeping it. If we got rid of the Electoral College for good and replaced it for a classic ""most-votes wins"" election then the nation can have a clear view to who their votes go to. This way, votes aren't decided by popular electoral votes.

The president should win over the most of our country with good qualitys that people want to see. People need to open their eyes and see ""When you vote for a candidate you're actually voting for a slate of electors."" (Posner, In Defense of the Electoral College) If you vote for your favorite candidate you are voting for the state to win by popular vote. We should keep it simple. Add up everyones vote for whom they voted, and who ever has more votes wins.

""The Electoral College is unfair, outdated, and irrational.""(Plumer, The Indefensible Electoral College) It says it all, when the Founding Fathers made the Electoral college, the country was a lot smaller than it is today. The Electoral College was needed because there was a chance that the election could be tied. Today, the country is huge. The chance of a tie 1 in a trillion chance. I feel that we should give it a try, and abolish the College. This nation stands by freedom, and voting should be a choice.    ",supports,Child gives a reason/evidence for the parent's stance.,supports,confirmed by user,supports | elaborates | same_thread | attacks_or_rebuts | wrong_parent | unsure
persuade:20B9810B6AA2,persuade-span:eb91d025a1543c41db6ad30a,Claim,"If there is a tie in the electoral vote, then the election is thrown to the House of Representatives",Position,"It has been suggested by others, even b y vario u s presidents, but I sha ll say it too: I belive that the Elector College sh ould be elim i na t ed from the process of voting for the president of the United States. The election should be based on popular vote by the citizens of the United States. ",False,"Dear Floridian Senator:

It has been suggested by others, even b y vario u s presidents, but I sha ll say it too: I belive that the Elector College sh ould be elim i na t ed from the process of voting for the president of the United States. The election should be based on popular vote by the citizens of the United States. The reasons  for this include the disaster factor and the prospect of a tie in the Electoral College can cause even more problems.

The Electoral College consits of 538 electors and a majority of 270 votes are required for a president to be selected. When people vote for president they are actually voting for the state's electors who vote for the president in the Electoral College. Most states have the ""winner-take-all"" system where all the electoral votes go to the winning canidate of the state.

The first arguement against the Electoral College is what is called the disaster factor. The state legislatures are technically responsible for picking the electors for the Electoral College. The disaster factor is when the unpopular canidate wins the election because of electors that aren't faithful to what they say and whom they say they will vote for. These unfaithful electors cast a deciding vote for whomever they please. Also, a state could send in two slates of electors to Congress, making the election more unfair.

If there is a tie in the electoral vote, then the election is thrown to the House of Representatives. This means that each state then only gets one vote. By way of this, one vote for Wyoming has the same weight in the election as one vote from California where the number of people is 50,000 people in Wyoming to the 35 million in California. The fact that so many of these people go unaccounted for reflects that this election may not be the will of the people.

To summarize, the Electoral College needs to be eliminated for the process of electing the president because it is out-dated, there is a large disaster factor, and the fact that if there is a tie the vote become unfair--moreso than it already is. Thank you for your time and consideration.

A concerned citizen,

PROPER_NAME

Post-Script: to the Floridian governemental people that made me take this abismal excuse of a test, you suck. Thank you for wasting my--and everyone else's--time.    ",supports,Child gives a reason/evidence for the parent's stance.,supports,confirmed by user,supports | elaborates | same_thread | attacks_or_rebuts | wrong_parent | unsure
persuade:A39A5B1F2538,persuade-span:8da018ccb20be8357cd8a94f,Counterclaim,It is the electers who vote for presiden not the people it is possible that the winner of the electoral vote will not win the nations popular vote.,Position,I think you should keep the electoral colleges. ,False,"Dear senator

I think you should keep the electoral colleges. The elctoral colleges are not a vote for presidency but its the vote for slate of electors who in turn elect the president. This is a great way to find a good president because if the people voted they might not know much about the president that they are voting for but if the slate of electers are the ones who pick the president they might know what the man running for president is not telling us. If their is a tie in the electoral votes than the election would be thrown to the house of representatives, where state deligates vote on the president. The electoral college should stay.

The electoral colleges has been an american tradition for hundred of years why would you end such a long and strong condition. The only bad thing about the electoral colleges in my opinion is that it is unfair to voters because of the winner take all system in each state. ( According to the article the electoral college: why even the best laid defenses of the system are wrong) ""during the 200 campaign, seventeen states didnt see the candidates at all, including road island and south carolina, and voters in 25 of the largest media markets didnt get to see a single campaign ad."" Bobe dole thinks they should abolish the electoral college he thinks its unfair, outdated, and irrational.

It is the electers who vote for presiden not the people it is possible that the winner of the electoral vote will not win the nations popular vote. It happened in 200 when gore had more popular votes than bush but bush had more electoral votes and bush still won the race and became president. You should keep the electoral college throughout history it has helped us in many ways. Lots of people say you should abolish it but give it a few more years and see what happens. The electoral college also stops run off electios this means no candidate recieves a majority of the vote cast. If their is a run off election the people might think the election was rigged or unfair. So please leave the electoral college alone it benefits us in a lot of ways.

from: PROPER_NAME                                                         ",attacks_or_rebuts,Counterclaim states the opposing view to the Position.,attacks_or_rebuts,confirmed by user,supports | elaborates | same_thread | attacks_or_rebuts | wrong_parent | unsure
persuade:6481E8B9CD64,persuade-span:74b641acf5b34e1f07fd20d6,Claim,"To feel as if the president is not on your side, i dont imagine that being any fun, that to me would be like rewarding one child and not the other for the same action.",Position,"I, PROPER_NAME, think it is best to keep the electoral colles, but here is why. ",False,"To whom it may concern,

I, PROPER_NAME, think it is best to keep the electoral colles, but here is why. Some of the weight in the political balance that large states lose by virtue of the consititution is restored. The candiate must have trans regional appleal, meaning he/she must be all for each region & not just one, (South, Northeastern, etc.).  From this the residents of the other region are likelt to feel disfranchised-- to feel like their votes do not count, and that with no regard for their interests, the president is not really the president.

As a citizen I would say that if the president, only did what half of the regions had said, then I would not be satisfied with what he is doing. When you go into office, you go into office for everyone, not just one region, but ALL regions. Wether or not the president haave a trans-appeal, each region does not have enough electoral votes to elect a president on their own anyway. Some say the electoral college is unfair. outdated, irrational, because they favor most daily assertions without much basis in reality. However the lectoral college, can be unfair. Most arguments in favor of it are mostly assertions without much base reality.

To feel as if the president is not on your side, i dont imagine that being any fun, that to me would be like rewarding one child and not the other for the same action. We all are equal, wether by race, color, or age. We are all human, and we demand to be treated equal, if we dont get equal, keep trying until you do. Its always too early to give up. Always push yourself to high extents just like these canidates and maybe one day it will be you standing up for the majority vote, only hoping that the voters do not pick favorites, off of location. Before you decide make sure you know who youre voting for, and that there is a chance, that folur years from now, they could be re elected again, so please, put some thought into our society, and what social conflict does to us! America hass been torn apart because, of beliefs, religion, and democracies, and possibly is still suffering from all of these things, as i sit here and type this. There is a while world out there beyond those builded lines. Why did you pick thosae  lines in the first place.         ",unsure,Claim sounds anti-college ('president not on your side') under a keep-the-college Position; could be the 'everyone's president' argument. Read essay.,unsure,confirmed by user,supports | elaborates | same_thread | attacks_or_rebuts | wrong_parent | unsure
persuade:0BB0E957B6FE,persuade-span:42371855320d6b5276f2a926,Evidence,"There Usually selected by the candidates political party , but state laws vary on how the electors are selected and what their responsibilities are. Your states certificates of Ascertainments are sent tot he Congress and the National Archives as part of the offcial records of the presidential election . After the presidential election , your governor prepares a ' Certificate of Ascertainment' listing all of the candidates who ranfor president in your state along with the names of their respective  electors .",Claim,"Last but not least , Let me remind you that each candidate running for president in you state has his or her own group of electors",False,"Dear State Senator ,

I recommand you to keep the Electoral College because , The Electoral College consists of 538 electors ,The Electoral College process consists of selection of the electors ,And each canidate running for president in your state has his or her own group of electors .

To begin with , i think the state senator should keep the Electoral College because it a fantastic college . Majority of 270 electoral votes is required to elect the President .The District of Columbia Is Allocated 3 electors and treated like a state for purposes of the Electoral College. The Electoral College is a process , not a place. The Electoral College is widely regared as an anachronism, a non-democratic method of selecting a president that ought to be overruled by declaring the candidate who recieves the most popular votes the winter .

The Electoral College process consists of selection of the electors , the meeting of the electors where they vote for presisdent and Vice president , and the counting of the electoral votes by congress .The presidential election is held every four years on the Tuesday after the first Monday In November. Most states have a winner-take-all system that awards all electors to the winning presidential candidate. The Certificate of Ascertainment also declares the winning presidential candidate in your state and shows which electors will represent your state at the meeting of the electors in December of the election year .

Last but not least , Let me remind you that each candidate running for president in you state has his or her own group of electors .There Usually selected by the candidates political party , but state laws vary on how the electors are selected and what their responsibilities are. Your states certificates of Ascertainments are sent tot he Congress and the National Archives as part of the offcial records of the presidential election . After the presidential election , your governor prepares a ' Certificate of Ascertainment' listing all of the candidates who ranfor president in your state along with the names of their respective  electors .    ",elaborates,Child adds detail/continuation to the parent rather than a separate reason.,elaborates,confirmed by user,supports | elaborates | same_thread | attacks_or_rebuts | wrong_parent | unsure
persuade:5B38B644790E,persuade-span:5177cc2abeaae7f5ec7bc5cd,Rebuttal,If the eclectoral college leads to a tie our votes become the tie braker but that method has never been use so why are we even voting?,Counterclaim,"""The electoral college avoids the problem of elections in which no candidate recieves a majority of the votes cast."" (Posner, paragraph 22)",False,"Even though you may believe that keeping the electoral college is a great idea and a benefit to all, its not. Americans votes no longer count when having the electoral college and do not vare for our opinion on whom we believe should become our president, they decide in what they think is bvest for us. ""The electoral college is unfair, outdated, and irtrational"". (Plumer, paragraph 14.) Most americns believe that the elcetoral college is unfair and voting has become a waste of their time and that there is no neeed to vote if their votes no longer count.

Our votes do not count and we are no longer in control. ""Most states have a winner take all system that awards all electors to the winning presidential candidate."" (The Office Of The Florida Register, paragraph 7) Therefore no matter who wants what iif that is what the electoral college decides thats what goes, And many americans are getting tired of doing pointless voiting if it doesnt even matter. ""Given that many voters vote one party for president and another for congress, the house selection can hardly be excpected to reflect the will of the people."" (Plumer, paragraph 12) Yes, The electoral college might be voting for what they think is best for us, but whats best for us might not be want we want, it might not be what we think is best for us why does are vote no longer count? ""But each party selects a slate of electors trusted to vote for the partys nominee - and that trust is rarely betrayed ... [; however,] is is entirely possible that the winner of the elctoral vote will not win the national popular vote"" ( Posner, paragraph 16)

Our votes are just a back up plan and we are not important. ""The electoral college avoids the problem of elections in which no candidate recieves a majority of the votes cast."" (Posner, paragraph 22) If the eclectoral college leads to a tie our votes become the tie braker but that method has never been use so why are we even voting? "" It is the electors whyo elect the president, not the people."" (Posner, paragraph 15) Because the electoral college is voting for which ""package"" they think is best they believe that our opinions are unimportant and they know what is best beyond what we believe. ""Under the electoral college system, voters vote not for the president, but for the slate of elecetors, who in turn elect the president."" (Plumer, paragrph10) Our votes are just a second optiion and is not resonible and fair to each and every american who truly believe that they can make a diffrenece when they truly cant because they are an ""extra.""

All in all the electoral college should not be kept. Most americans now believe that we are not important and voting is just a waste of time which is currently true and fighting againt the truth is not going anywhere. Loose electoral college or loose active americans.    ",attacks_or_rebuts,"Rebuttal answers the quoted run-off counterclaim, loosely (talks about ties).",attacks_or_rebuts,confirmed by user,supports | elaborates | same_thread | attacks_or_rebuts | wrong_parent | unsure
persuade:08F75B0D54E8,persuade-span:391ea490da3ba6150d486393,Evidence,"The U.S. wants every person to have equal chance at the election for a president and if about 500 people are voting compared to the millions, it's just unfair to the citizens. In the world now, this process is taking away the freedom of decision or making it seem useless to the people.",Evidence,"People need to be heard and listened for what they actually want but the government lives their own way and doesn't take into count what the people, that make the country up, want. ""Because of the winner-takes-all system in each state, candidates don't spend time in states they know they have no chance of winning, focusing only on the tight races in the ""swing"" states.""(The Indefensible Electoral College: Why even the laid-back defenses of the syster are wrong by Bradford Plumer). This here proves that the candidates are only in for the game and not the real true choice in who will be a perfect official that runs the country all together. Clearly, the process all together is a complete unfair, brutial game to the people.",True,"The Electoral College is how America votes for the President and Vise President, which is a process that the U.S. shouldn't have. Intially, if people are voting for a President, they know what they want and have done their research. Along with that, it gives the Electorial College more rights than the actually people voting for the President and Vise President. Lastly, it's just down right unfair to the voters. The U.S. wants every person to have equal chance at the election for a president and if about 500 people are voting compared to the millions, it's just unfair to the citizens. In the world now, this process is taking away the freedom of decision or making it seem useless to the people. The Electorial College shouldn't be a process we use for voting.

Most people voting, actually care who is running the country and they took the effort to make sure they got the vote in. The votes from the actually people should count because, evidentally, they know what they want. Most people do not go to a place if they do not care for the purpose, but if citizens are voting for their president, it should count, not having other elected officials vote. The elected officials voting, are in the government and that creates a biased vote which is uncalled for. The votes need to be from the people because they see the actual truths of what is happning to the economy, salary, taxes, the process of the government, and much more. It is obvious that having the people vote is a more efficient choice than pre-elected officials.

Secondly, the Electorial college takes away the rights to choose what president they want. Yes, they get to vote for which electoral college member they want but, it doesn't actually add up to the number the citizens actually participate in. As stated in the Constitution, citizens of America have freedom, and they should have the freedom of choosing the Preseident and Vice President they want without out any ifs,ands, or buts. America has the freedom to choose and the Electorial College shuts it all down, which is disrespect to citizens and to the country.

Lastly, it is such an unfair process. As said previously, it geneuinly takes our freedom of choice away. People need to be heard and listened for what they actually want but the government lives their own way and doesn't take into count what the people, that make the country up, want. ""Because of the winner-takes-all system in each state, candidates don't spend time in states they know they have no chance of winning, focusing only on the tight races in the ""swing"" states.""(The Indefensible Electoral College: Why even the laid-back defenses of the syster are wrong by Bradford Plumer). This here proves that the candidates are only in for the game and not the real true choice in who will be a perfect official that runs the country all together. Clearly, the process all together is a complete unfair, brutial game to the people.

In Retrospect, having the Electorial College is a disaster and having it as a process makes we use every four years is unbelieveable. It treats the Americans like there freedom is worthless and makes the voting process unfair. If the people take the time to actually stand in line to vote, they hould earn the right of having their vote count in full picture. This process shouldn't continue on, for it is 500 or so people voting for the President and Vise President for over millions. That itself, is outragious and shouldn't be apart of the American voting process anymore.    ",elaborates,Evidence under Evidence; child precedes parent (only such link in sample). Unusual structure; check.,elaborates,confirmed by user,supports | elaborates | same_thread | attacks_or_rebuts | wrong_parent | unsure
persuade:148CA62EF887,persuade-span:b73150b1ed3ede753499ab32,Claim,"the Electoral College is unfair, outdated, and irrational""",Position,Americans should change election by popular vote for the president of the United State,False,"Dear, to Miami senator. Americans should change election by popular vote for the president of the United State. The Electoral College it's not a good thing that is helping the citizens to express thier own thoughts in political. In Electoral College it's not really voting for the president it's for a slate of electors that turns elect the president. This shows that we the ""People"" that have the right to vote who we believe to be the leader for United States we are not really choosing him.

Additional, "" The Indefensible Electoral College: Why even the best-laid defense of the system are wrong"" by Bradford Plumer shows "" the Electoral College is unfair, outdated, and irrational"". This can explain the Electoral College is ""unfair to voters because the winner take all system in each sate"" that means candidates can't spend time in each state getting their chance to win thier vote from the state for the next four years. However, electoral college ""avoids the problem of elections in which no candiate receives a majority of the votes cast"" shown in "" In defense of the Electoral College:Five reasons to keep our despised method of choosing the preseident"" by Richars A. Posner. This can help the candiates to not be a tied so the Electoral College reduced and thiers a clear winner. What if their was a tied would citizens like a machine take thier decision on who's going to be the leader of the United States ? I don't think so becasue a machine doesn't have a right to vote.

In therefore, in 2000 Al Gore lost the presidency but won the popular vote. ""Over 60 percenet of voters would prefer a direct election ... this year voters can expect the popular vote win could again lose the presidency"" explain Plumer. This wasn't the voters decision was the Electoral College we should't have something that doesn't express our right of speech in political. However, the Electoral Collge ""process consists of the slection of the electors, they vote for President and Vice President"" this shows that the citizens can vote to be the most faithful President to be the leader on this opportunity land. To end, we shouldn't keep something that it's not really showing the voice of each citizens on this wonderful world we have as Ameica.

To conclude, we should change election by popular vote for the president of the United States. If we have a tie in the elctoral vote, ""the election would be thrown to the House of Representatives, where state delegations vote on the president "" this explain we the citizens didn't chose the president would you like the citizens get mad a make a protest to chose the president ? American would like that so please senator take out the Electoral College becasue you never know if one day the citizens get as one to protest to get rid off the Electoral collge with their power of speech.                            ",supports,Child gives a reason/evidence for the parent's stance.,supports,confirmed by user,supports | elaborates | same_thread | attacks_or_rebuts | wrong_parent | unsure
persuade:961D937626F7,persuade-span:5c2a7d30e1da983c9b1da241,Claim,"The voting system should be done like specificly, because if you setup different things it's not going to work at all. It depends what kind of setups you are making. But I think it's not the good way to make voting system in setups.",Position,I think the best way to know who wins the election is by the majority votes to the candidate.,False,"The Electoral College is a process, not a place. The founding fathers established it in the constitution as a compromise between election of the President by a vote in Congress and election of the President by a popular vote of qualified citizens. I think the best way to know who wins the election is by the majority votes to the candidate.

The Electoral College process consists of the selection of the electors, the meeting of the electors where they vote for President and Vice President, and the counting of the electoral votes by Congress. The voting system should be done like specificly, because if you setup different things it's not going to work at all. It depends what kind of setups you are making. But I think it's not the good way to make voting system in setups.

Each candidate running for president in our state has his or her own of electors. The electors are generally chosen by the candidate's political party, but state laws vary on how the electors are selected and what their responsibilties are.

Under the electoral college system, voters vote not for the president, but for a slate of electors, who in turn elect the president. The singal best argument against theelectoral college is what we might call the disaster factor. The American people should consider themselves lucky for the 2000 fiasco was the biggest election crisis in a century; the sysytem allows for much worse. Consider that state allows for much worse. Consider that state legislatures are technically responsible for picking electors, and that those electors could always defy the will of the people.

Perhaps most worrying is the prospect of a tie in the elecrtoral vote. In that case, the election would be thrown to the House of the Representatives, where state delegations vote on the president. Because each state casts only one vote, the singal representative from Wyoming, representating 500,000 voters, would have as much say as the representative from California. Given that many voters vote one party for president and another for Congress, the House's seletion can hardly be expected to reflect the will of the people. And if an electoral tie seems unlikely, consider this: In 1968, a shift of just 41,971 votes would have occured if a mere 5,559 voters in Ohio and 3,687 voters in Hawaii had voted the other way. The election is only a few swing voters away from catastrophe.

It's official: The electoral college is unfair, outdated, and irrational. The best arguments in favor of it are mostly assertions without much basis in reality. And the arguments against direct elections are spurious at best. It's hard to say thsi, but Bob Dole was right: Abolish the electoral college!

The Electoral College requires a presidential candidate to have trans-regional appeal. No region has enough electoral votes to elect a president. So a solid regional favorite, such as Romney was in the South, has no incentive to campaign heavily in those states, for he gains no electoral; votes by increasing his plurity in states that he knows he will win. This is a desirable resuly because a candidate with only regional appeal is unlikely to be succesful president. The residents of the other regions are likely to fell disenfranchised-to feel that their votes do not count, that the new president will have no regard for their interests, that he really isn't their president.

It can be argued that the Electoral College method of selecting the president may turn off potential voters for a candidate who has no hope for carrying their state-Democrats in Texas, for example, or Republicians in California. Knowing their vote will have no effect, they have less incentive to pay attention to the campaign than they would have if the president were picked by the popular vote. But of course no voter's vote swings a national election, and in spite of that, about one-half the eligible American population did vote in election. Voters in presidential elections are people who want to express a political preference rather than people who think that a single vote may decide an election.

My only suggestion is to do the votes through the majority voters to the candidate because any kind of setups are not going to work. And the people are not likely going to believe all that stuff. It's kind of hard to do that but, it will going to work.    ",supports,Weak but intended as a reason for majority-vote Position.,supports,confirmed by user,supports | elaborates | same_thread | attacks_or_rebuts | wrong_parent | unsure
persuade:5553B03E281F,persuade-span:9ffd0d833282e7e509072ed4,Evidence,"to be known as a good person or a good citizen in your state or anywhere you have to be a great rolemodel & an excellent example to our world. From what i discovered in a passage electoral college is unfair.

who are the electors ? and who picks out the electors ? it dependes on the state. voters sometimes vote for there electores but sometimes the voters get confused on who they voted on. somtimes the wrong candiate.",Claim,i strongly agree that we should have the idea of changing it to election by popularity.,False,"Dear Florida State Senator

With all do respect i dont think having the electoral college is a proper way to nominate a president, or any senate for our country.

i strongly agree that we should have the idea of changing it to election by popularity. to be known as a good person or a good citizen in your state or anywhere you have to be a great rolemodel & an excellent example to our world. From what i discovered in a passage electoral college is unfair.

who are the electors ? and who picks out the electors ? it dependes on the state. voters sometimes vote for there electores but sometimes the voters get confused on who they voted on. somtimes the wrong candiate.

yes i do think that people who are running for president and senate should have the right to have a chance to become something big, but in my perspective i think that peoiple who is known and well common to there state will be a better outcome to whatever they run for. its like for an example, we live in the Florida state , we've know a woderful and handsome man that helps around our state and town of plant city,  giving us more and devoring most of his time helping the enviroment and creating a diffrence. The man would have a greater chance of being nomitanted to being a president unlike the other man who only came out of his shell a year ago and have no idea what this man is capable of. Who will we have better trust on?

When you win a contest or a bet we usally get what we accomplished for, when a elector wins , it takes all. well only the electoral collge works up on this. so please state senator, please change the process on how we are voting now, i think it would be alot more acceptable to vote on a preident on popularity. The united sates wants to be in the hands of a trusted person and someone the whole world can look upond.            ",supports,Parent is labelled Claim but reads like a Position; child supports it.,supports,confirmed by user,supports | elaborates | same_thread | attacks_or_rebuts | wrong_parent | unsure
persuade:451D81265E8E,persuade-span:0249b13c01485fbc3d609acc,Evidence,"Source 3 brings up the fact that no region in the United States has enough electoral votes to elect a president. The ""winner-take-all"" system further benefits this, because in order to win, candidates have to focus their attention on states where their majority vote is insecure. They will not focus on regions where they have essentially secured the majority rule and therefore secured all the electoral votes. In popular vote, they would have to focus extensively on those regions, as the few that are not in the majority would need convincing. Source 3 goes into detail as to why a regionally picked candidate is not a proper show of the will of the people. It states that ""The residents of other regions are likely to feel disenfranchised - to feel that thier votes do not count, that their new preident will have no regard for their interests..."", and so having a trans-regional appeal is essential to properly representing the will of United States citizens",Claim,"In addition, the Electoral College fosters a more nationwide appeal for the candidate's campaign",False,"The Electoral College has been established since the founding of our country. It is a system that has been tried and tested to work over the course of centuries. It should be upheld for it's ability to produce a solid outcome, and though it has the possibility of failing it's faults are not worse than the popular vote system, and that the Electoral College fosters a presidency campaign that appeals to multiple regions of the United States. This fair system allows representation of the people's will, just like the rest of our government does.

Faith in a certain outcome of the presidential election ensures that the vote has as little complications as possible, and is a reason the Electoral College is necessary. According to source one, ""What Is The Electoral College?"", each political party has it's own set of electors that equal the amount of congressional delegates per state. Usually each state has a ""winner-take-all"" method, so the presidential candidate that gets majority in your state will get all of the electors that represent their party, not just most of them. This is beneficicial to the outcome of the election becuase it makes the ability for a candiate to get majority vote much simpler. There is less of a possibility of a tie, or an outcome where no candidate wins. Source 3, ""In Defense of the Electoral College: Five reasons to keep out despised method of choosing president"", states that ""even a very slight plurality in a state creates a landslide electoral-vote victory in that state..."" , therefore allowing the candidate to secure all votes to their side, instead of having the votes divided on the line of majority rule, and causing rifts between Electoral College voters.

No system is perfect, and the Electoral College is not exempt from this. ""The Indefensible Electoral College: Why even the best-laid defenses of the system are wrong"", Source 2, argues that a term called 'disaster factor', or the possibility of immenent disaster due to the Electoral College system, is why the Electoral College system should be abolished. The passage uses individual instances, like the fact that in 1960, segrigationists in Lousiana nearly appointed Democratic electors that would vote against their candidate, or that in rare instances, ""faithless"" electoral voters would vote for the other side. These are strawman arguments, using specific instances to come to a conclusion that the whole system should be abolished. While the Electoral College system isn't perfect, neither is the popular vote system. The popular vote system has a higher chance of causing a tie between candidates, and it doesn't have a ""winner-take-all"" standard. In a tie, the vote would be given to the House of Representatives, which, according to source 2, ""..can hardly be expected to reflect the will of the people.."", as citizens often vote one party in for president and another for Congress.

In addition, the Electoral College fosters a more nationwide appeal for the candidate's campaign. Source 3 brings up the fact that no region in the United States has enough electoral votes to elect a president. The ""winner-take-all"" system further benefits this, because in order to win, candidates have to focus their attention on states where their majority vote is insecure. They will not focus on regions where they have essentially secured the majority rule and therefore secured all the electoral votes. In popular vote, they would have to focus extensively on those regions, as the few that are not in the majority would need convincing. Source 3 goes into detail as to why a regionally picked candidate is not a proper show of the will of the people. It states that ""The residents of other regions are likely to feel disenfranchised - to feel that thier votes do not count, that their new preident will have no regard for their interests..."", and so having a trans-regional appeal is essential to properly representing the will of United States citizens.

Our Electoral College system should be defended and kept. It has the ability to produce a solid outcome, has flaws but ones that are not more disasterous than other systems, and drives candidates to try and present a national appeal. A single vote does not decide an election, the representation of our people should not be split in half, divided. The Electoral College does its best to give the nation the president it deserves.                                    ",supports,Child gives a reason/evidence for the parent's stance.,supports,confirmed by user,supports | elaborates | same_thread | attacks_or_rebuts | wrong_parent | unsure
persuade:F146498328DC,persuade-span:a252fab855ce49d75700627c,Evidence,"The winner-takes-all system is unfair because the candidates dont spend time on those states that have no chance of winning, but relies on the states that can win. 17 states including  Rhode Island and North Carolina dont even get to see the candidate because they are states that have no chance of winning. Also 25 large media markets dont even get to see a campaign ad because the candidates dont bother to but one up. The fate of the presidency is in the hands of a few voters in ohio which is just unfair to other states.",Claim,The winner-takes-all syestem can be very unfair to some states who want to vote for a candidate.,False,"Is the Electoral College fair or not, thats is was many people are trying to figure out. The Electoral College is a process of votes that allows people to choose a president, but some contries get to vote and some dont even see a campaign ad. I believe the Electoral College is not a fair process because under the Electoral College system, voters vote not for the president, but for a slate of electors, who in turn elect the president, also the winner-takes-all system doesn't rely on the states that have no chance of winning but relies on the tight races in the ""swing"" states.

There are many things wrong with the Electoral College that can ruin the vote system for a long time. According to Source 2, under the Electoral College the voters dont even get to vote for the candidate they want, but have to vote to a slate of electors which is unfair. Voters sometimes cannot contol who they vote for so voters sometimes get confused and vote for the wrong candidate. It depends on the state to pick the slate of electors on state conventions, or even by presidential candidates themselves.

The winner-takes-all syestem can be very unfair to some states who want to vote for a candidate. The winner-takes-all system is unfair because the candidates dont spend time on those states that have no chance of winning, but relies on the states that can win. 17 states including  Rhode Island and North Carolina dont even get to see the candidate because they are states that have no chance of winning. Also 25 large media markets dont even get to see a campaign ad because the candidates dont bother to but one up. The fate of the presidency is in the hands of a few voters in ohio which is just unfair to other states.

I believe that the Electoral College is unfair because they have done many wrong things that can effect other states and the vote system for a very long time.              ",supports,Child gives a reason/evidence for the parent's stance.,supports,confirmed by user,supports | elaborates | same_thread | attacks_or_rebuts | wrong_parent | unsure
persuade:3C1F9041C565,persuade-span:073610f3f77c1f065d8d7b03,Claim,This method of voting is curupt and should be abolished.,Position,Is it not time for a change in the Electoral College?,False,"Should our way of voting in the United States be changed? The way we vote today is through the electoral college. Each president get a certain number of electoral votes and that is how we vote on specific leaders. The Electoral College process was established in our Constitution as a compromise. This way we could elect our president by a vote in Congress and election of our president by citizens who qualify. Is it not time for a change in the Electoral College?

First off, the Electoral College is a specified process. This process consists of 538 electors. A majority of 270 electoral votes is manditory to elect the President. The way this works is every state has a certain number of electoral votes, mostly due to population. For example, a larger state with a large population will have more electoral votes than a smaller state. Also, each candidate running for president in your state has their own group of elector. These electors are chosen based opon the candidate's political party, but state laws vary on how the electors are selected and what their responsibilities are. There is a presidential electon held every four years on the Tuesday after the first Monday of the month of November. When you vote, you are helping choose your state's electors. When you vote for President because when you vote for your candidate you are actually voting for your candiate's elecotrs. After your presidential election, your governor prepares a ""Certificate of Ascertainment"" showing all the candidates who ran for President in your state and with the names of their respective electors. This also shows which electors will be representing your state at the meeting of the electors in December of the election year.

In addition, the pocess of the Electoral College should be changed. The are even a number of Presidents that tried to abolish the Electoral College. Richard Nixon, Jimmy Carter, Bob Dole, the U.S. Chamber of Commerce, adn the AFL-CIO all agreed on abolishing it. It is proven that 60 percent of voters would prefer a direct election to the kind we have now. Most voters today are significantly uninformed. Some do not even know what or whom they are voting for. Some of these people are not even U.S. citizens. Yes, some states do require to so identification, although others do not. A direct election would be more specified and easier for people to choose and use. Some people overlook these detail while others enjoy the system because of the power it provides them. There are multiple errors in the voting process. There are certain people that do not even posess a high school degree, let alone a college degree, that vote just because they want to. The is a massive suply of ignorance and pride that fall into play with the Electoral College.

Under the electoral college system, voters vote not for the president they choose, but for a slate of electors, who in turn, elect the president. For instance, if you wanted to vote for a specific person you would vote for a slate of electors pledged to that person. This method of voting is curupt and should be abolished. The people in American should consider themselves lucky that the 2000 fiasco was the largest election crisis in a century; the system could have lead to much worse than that. Consider that state legislatures are technically responsible for choosing electors, adn that those electors could alwyas defy the will of the people.

In conclusion, why is the Electoral college unhealthy? This system of voting is outdated and has many flaws throughout its system. Without this system being changed is could have a tremendous affect in the future of the United States. This irrational system lacks a basis in reality. The arguments against direct elections are spurious at best. It is difficult to say but the Electoral College in general was a mistake.                    ",supports,Position is phrased as a question; claim supports the implied stance.,supports,confirmed by user,supports | elaborates | same_thread | attacks_or_rebuts | wrong_parent | unsure
persuade:0A9A938F883C,persuade-span:d2bb9afe43b2140247974847,Evidence,"The Electoral College is ""unfair, outdated, and irrational."" (Plumer, paragraph 14). There are so many reasons as to why you should change to popular vote, ",Position,The best way to go would be to use popular vote. ,False,"Dear Senator Don Gates,

There has been many arguments about whether or not to keep the electoral college or to change the election process by popular vote. The best way to go would be to use popular vote. The Electoral College is ""unfair, outdated, and irrational."" (Plumer, paragraph 14). There are so many reasons as to why you should change to popular vote, When you vote for your candidate, you're actually voting for your candidates electors, sometimes the state legislatures pick the electors, and also its an unfair process to voters. The Electoral College needs to be booted out!

When you go to vote, you think that you are directly voting for your candidates, that is no the case. You are actually voting for your candidates electors. You cannot control who your electors vote for either. They do not always vote for the same person you wnat them to. Voters may sometimes get confused about the electors and vote for the wrong candidate. This has happened. If the process were done by popular vote then their wouldnt be these problems taking place.

Who picks the electors? Sometimes it is the State Legislautures. They are responsible. In the article

""The Indefensible Electoral College: Why even the best-laid defenses of the system are wrong""

, it states that in 1960, segregationists almos succeeded in replacing the Democratic electors with new ones that would then oppose John F. Kennedy. This was so a popular vote would not go to Kennedy. Also it was stated that ""faithless"" electors have refused to vote for their party's candidate and cast a vote for whomever they please. This doesnt seem fair to the people.

The whole process of the Electoral College is ""unfair to voters"". There is a reason behind this accusation. The winner-take-all system to be more precise. Candidates dont spend time in states that they know they have not a slight chance of winning, they tend to focus more on the ""swing"" states. During a campaign in 2000, seventeen states didnt get to see candidates at all. Voters in 25 of the largest media markets didnt get to see a single campaign ad. As it was stated in the article

""The Indefensible Electoral College: Why even the best-laid defenses of the system are wrong"",

""If anyone has a good argument for putting the fate of the presidency in the hands of a few swing voters in Ohio, they have yet to make it..."".

The Electoral College is not the best way to decide who runs our military, or nation. We need a way to have a fair and equal vote. Popular vote is the way. Though the electoral college is a quick and easier way to get votes in, it isnt very efficient. The process isnt fair to the people at all, you're not directly voting for the candidate of your choice, and state legislatures, who have opinions, pick the elctors. Bob Dole was right: Abolish rhe electoral college!    ",supports,Child gives a reason/evidence for the parent's stance.,supports,confirmed by user,supports | elaborates | same_thread | attacks_or_rebuts | wrong_parent | unsure
persuade:2B8374B25171,persuade-span:0df2c7c495c443bd17ea2ed6,Rebuttal,The possitive things they mention about the Electoral Collage are small compared to the issues with it.,Counterclaim,"In source 3, It tries to tell you all the possitive things about the Electoral Collage.",False,"Dear Senator,

I think the Electoral Collage is unfair to the citizens of the United States of America. The Electoral collage resembles too much control by the United States government. As said in Source 2: The Indefensible Electoral Collage: Why even the best-laid defenses of the system are wrong, ""Back in 1960, segregationists in the Louisiana legislature nearly succeeded in replacing the Democratic electors with new electors who would oppose John F. Kennedy. This dosnt even sound right does it... This is one example of United States government trying to rail  the presidential elections, and i can asure you that this is not the first time this has been attempted by the government. The U.S Constitution delcares that

ALL

citizens of United States of America have the right to vote. What this looks like is the government trying to vote for us. Another thing that i do not get about the Electoral Collage is why are we voting for the elector instead of just towards the president. I get that they have to monitor the votes but arnt we already using electronic computers to vote... I think voting would go alot smoother if the votes went strait to the presidents through computers instead of having an elector who has a strong personal opinion against one political party who has a chance of twisting the votes around to strongly support the political party that he/she is opinionized towards. This why the Electoral Collage is dangerous. There have been cases of law breaking electors twisting the votes around. It is alot more safe to just let the citizens to just strait up vote. In source 3, It tries to tell you all the possitive things about the Electoral Collage... The possitive things they mention about the Electoral Collage are small compared to the issues with it. The Electoral Collage is outdated and needs to be taken off. It is just unfair now.

thanks, Anonymous...                                     ",attacks_or_rebuts,Rebuttal dismisses the counterclaim's positives.,attacks_or_rebuts,confirmed by user,supports | elaborates | same_thread | attacks_or_rebuts | wrong_parent | unsure
persuade:917F5CAE3BB5,persuade-span:2fdd3a18ad10ba79852dfa12,Claim,"Now, what about the bigger states versus the smaller states? We all know that the larger the population in one state, the more representatives they have, and the smaller the population, well...they get the shorter end of the stick usually, especially in this case.",Position,"we ourselves do not get to vote for which president we believe can take the reigns of our country, rather we vote for a certain amount of electors that make the decision FOR us. This is called The Electoral College Process.",False,"It has nearly been two centuries since our country was born from the ashes of a war far too long to remember every scar and wound, but we hold the memories of our promises in our Constitution and Bill. And since, we have upheld every right and every propesition with the upmost respect and worshipped it among our God. Or have we? Though The United States of America has proclaimed many good ideas and beings in our past for the future, it has not always been recognized. If uneducated, the regular unqualified citizen may not know that with our election system, we ourselves do not get to vote for which president we believe can take the reigns of our country, rather we vote for a certain amount of electors that make the decision FOR us. This is called The Electoral College Process.

Though this process does not run against the citizens, it does take away a direct vote to whom you desire in the presidential role. As a most obvious reason, people want to qualify themselves, choose a party, and do a lot of deep thinking not to hand the rights over to some higher-qualified politicist(s) that has just as much chance as the electors running against him but to make a decision based off of their own qualified knowledge from a viewpoint of regular Americans. Regular Americans, ranging from the small town  factory worker to a traveling military man. These are the citizens that run this country, the ones who know the real problems going on. Politics is only fortune to politicists; Politics is an opportunity for change to Us.

Now, what about the bigger states versus the smaller states? We all know that the larger the population in one state, the more representatives they have, and the smaller the population, well...they get the shorter end of the stick usually, especially in this case. When a tie occurs among the vote of electors, it is the House of Representatives' job to fix that and make a vote for themselves. This means that the slim few representatives representing thousands of people could make a vote; Although based off of political knowledge, it is once again stealing the popular vote from American citizens. And even compared to a larger state, less than a hundred individuals (all of which have done nothing but politics) are to make a decision for possibly millions of voters.

There is one turn that can happen at any given election and is most-likely our biggest worry because of such an open chance. Though it is said that there is highly rare chance in which a day would come in the election that a defiance might occur, it does not mean something so sinister as toying with the election system could not happen and with great costs. Considering it has already happened once when John F. Kennedy ran for presidency, how can we not assume it might not happen again? And even if such happenings may take decades to occur again, what of the electors that did not swear themselves to the vote they had claimed to have chosen in the first place? We, the People, elect Our representatives to uphold Our decisions in the party We choose, but what is trust in this country if we cannot even trust Our representatives to ""represent"" Our decisions.

In turn, the The United States of America has done their very best to make this country the best it can be, but this Electoral College Process has many disadvantages that takes away the rightful vote of American citizens. We are all human after all, ""professional"" politicists or not, we make mistakes and we are capable of deceitful things. The only difference is our trained knowledge and key advantages based on rank in the government system. Give Us the direct opportunity We deserve and break the Electoral College Process.            ",supports,Child gives a reason/evidence for the parent's stance.,supports,confirmed by user,supports | elaborates | same_thread | attacks_or_rebuts | wrong_parent | unsure
persuade:CC5894978F31,persuade-span:86ed0ada232f8e0fa20fd53b,Counterclaim,"In the same paragraph, me mentions how an Electoral tie is highly unlikely-",Claim,"Now, there is the gregarious amount of contradictory statements that can be found within Mr. Posner's article.",False,"The Electoral College is a cruel, pointless process that simply makes a percentage of votes, or all of them if you look at it that way, to mean nothing, and allows for circumstances like the 2000 election. There are plenty of reasons, and plenty of contradictions in ""In Defense of the Electoral College: Five reasons to kep our despised mehod of choosing the President.""

To begin, the winner-take-all system is very unfair to the voters. Voters in certain, dominated areas are supposed to know what they are voting for, yet get nothing to teach them? Not that it matters regardless, since every person within a state supports a political party, right, and, depending on your state's veiw, all Republicans/Democrats have no idea what they are voting for, correct? Like Bradford Plumer says, you shouldn't have to move to Ohio to be able to get a vote. There is also the point countered Mr. Posner's article, which is that those in party-dominated states will have a feeling their vote doesn't count, and he sais that one vote will not swing an election. Then why do you beleive an upside of the elecoral college is that those in more neutral states will feel their vote counts? Or do those in party-dominated states not matter, since those in neutrals think way more about their votes, and are the only ones you should trust, according to him? In practice, they are the only deciding factor .

There are also the many unwanted results from electoral colleges, such as the 2000 election's outcome defying the people. ""What Is the Electoral College?"" states you are voting for electors when you vote, but what is the point if they can simply defy you? It would be like if after the president was chosen, the Senate could overule him with a 1/5 vote. There is also the point in Plumer's article about the time Hawaii sent two slates, which forced the desicion to Nixon, who had to validate only the opponet's votes in fear of otherwise receiving bad publicity. There is also the strange way of resolving a tie, which boils down to the same thing as the winner-take-all system, except if more people support  it doesn't matter. It would be like if everybody in the  room wasn't alowed to vote, other than one voted, but everybody in the room agreed anyway for some strange, miraculous reason. (Of course, the one guy in the  next room doesn't agree, and completely takes out your vote, regardless of the fact that there were 30 people in this one.)

Now, there is the gregarious amount of contradictory statements that can be found within Mr. Posner's article. One has already been mentioned in the winner-take-all system paragraph. He also conveintly provides a dispute that had nothing to do with a close vote in the Electoral College, and everything to do with what is wrong with this winner-take-all system, being the 2000 election. In the same paragraph, me mentions how an Electoral tie is highly unlikely- as if a tie between the millions of US citizens is. His reason #5 can be easily solved by simply giving the presidency to the candidate who receives a plurality of votes, rather than a majority. Reasons number 3 and 4 both contradict reason 2 as well, stating that everybody gets a vote, only swing states should get a vote, and only bigger states should get a vote (even when there is a 51/49 split, where 51%=100%, mind you).

Thus, the Electoral College is completely unfair to voters, and should be abolished. Voters should not have to vote for other votes which could very well defy their's, why not just have the Electoral Cllege do all the voting then? It is both redundant and unfair.    ",unsure,"Counterclaim (Posner: tie unlikely) sits under a Claim that Posner contradicts himself; it is cited as an example, not opposed. Neither supports nor attacks cleanly.",unsure,confirmed by user,supports | elaborates | same_thread | attacks_or_rebuts | wrong_parent | unsure
persuade:8170BE912389,persuade-span:004b860caeaac3db56c32712,Counterclaim,Yes people may say that without the electoral college favoritism may appear in certain states and places.,Position,"I demand the electoral college to be abolished, it is a violation of the peoples right to vote for who they want. ",False,"Dear Senator,

It is the peoples right to vote on who represents our country, but why vote if you cannot choose the the direct candidate you want? I demand the electoral college to be abolished, it is a violation of the peoples right to vote for who they want. It is enough nonsesne of voting for someone to vote for you. Popular vote is the fairest way to vote, in lines 24 though 31 of the text, it exclaims that state committee's and candidates pick the electors. So candidates choose the electors that the people vote for? How do we know the candidates or committee's aren't sabataushing their power and picking the people they opinionly want, as opposed to whomever? We don't!

With the electoral college exsisting we are giving our power to other poeple that can vote for us. We are handing them free votes, so they can vote for who'm they'd like. That is not fair! They say that the most powerful person in the world is the people, but with the electoral college it has partially been robbed. In lines 26 through 27 of the text that supports the electoral college it states that ""it is the electors who elect the president, not the people."" That sentence proves to you that the people are incontrol of voting for their president.

Yes people may say that without the electoral college favoritism may appear in certain states and places. There is absolutely nothing wrong with that! There may be more voters for one candidate in a certain place, but as long as the people voted for whom they want there is no injustice.

In lines 17 through 18 of the text that supports the electoral college it states "" that trust is rarely betrayed."" RARELY? Meaning wrongful doing has happened between the lines of the electoral college, and are likely to happen again...Do not be blind to the electoral college's purpose. It is damaging the voting for our presidential election. Popular voting, where all equals and powers vote for the president they want.

Sincerely,

PROPER_NAME   ",attacks_or_rebuts,Counterclaim states the opposing view to the Position.,attacks_or_rebuts,confirmed by user,supports | elaborates | same_thread | attacks_or_rebuts | wrong_parent | unsure
persuade:1808AE99FB5E,persuade-span:2923100967e74ff8068e569f,Evidence,"So I can most certainly agree with what previous people and groups have said before such as Richard Nixon, Jimmy Carter, Bob Dole, the U.S Chamber of Commerance, and the AFL-CIO.... To get rid of the Electoral College",Position,"Well, I belive thst it is not a good idea to continue having an Electoral College to chose our president because the people deserve to have their votes count. ",False,"Many people across the country would believe that having an Electoral College is good idea. Well, I belive thst it is not a good idea to continue having an Electoral College to chose our president because the people deserve to have their votes count. In the prcocess of having an Electoral College the poular votes do not count, only the slate of electors can vote for the canidate. That's not even the worst part to begin with.

In source 2, it says that 60 percent of voters would prefer a direct election to the kind we have now. That is more than half the amount of voters in the country! It even states ""In the same vein, faithless electors have occasionally refused to vote for their party's canidate and cast a deciding vote for whomever they please."" meaning that sometimes the electors would not always have the same idea in mind as the people have. To me that is a real bummer especially for the people in the state with those kinds of electors.

Furthermore, the Electoral college may have a few benefits as it states in source 3. Fore example, it says ""The Electoral College avoids the problem of elections in which no canidate receives a majority of the votes cast."" meaning that barely anyone would vote in the state. But that is usually a rare ocasion and is easily avoided in every state. As individuals we would usually not avoid coming to vote in an election for certain positions especially when it comes to a president.

Sometimes people would even let the Electoral College vote for them without the people knowing who they voted for. The Electoral College is supposed to represent their state towards a canidate but what if the state rarely has any electors to be represeted or doesn't have any at all? That is why it is up to the people to make their own decision in who they want to vote for and hopefully their vote counts. The Electorial College may be recomended to represent their state but they can never represent every individual's vote because not all people have the same canidate in mind and the Electorial College can only vote for one canidate.

Overall, I think the Electoral College should be abolished in every way. It is the people's vote that should count not the electors. Some people may disagree but I still believe the Electorial College is not good for us. It is not truely fair to have the majority of popular votes on one canidate and still that canidate does not win due the Electoral College. So I can most certainly agree with what previous people and groups have said before such as Richard Nixon, Jimmy Carter, Bob Dole, the U.S Chamber of Commerance, and the AFL-CIO.... To get rid of the Electoral College.               ",supports,Child gives a reason/evidence for the parent's stance.,supports,confirmed by user,supports | elaborates | same_thread | attacks_or_rebuts | wrong_parent | unsure
persuade:AD005493F9BF,persuade-span:b61940143ef4720a0f5a3700,Evidence,"States that are considered ""Toss Ups"" are selfishly awarded the system named ""Winner-Takes-All"" due to how they apparently pay closer attention to the campaign. In the article

What Is The Electotal College by the office of the Federal Register, the method is first introduced in paragraph 7. Stating that the purpose of the ""Winner-Take-All"" system is not only,but to award all electors to the winning canadidate. It is said to be unrelaible and untrustworthy due to it's focus on states that appear t have more attention towards the election. On a more basic level, some states such as Rhode Island and South Carolina had not even witness the campaign and even leaving a few voters to have no say. Going back to the misunderstanding of the election of Romney,the country wittnessed an iresponsible canadidate that had ran for president. With the unreliable ridiculous system ""Winner-Take-All"" some states may or may not have even experienced how Romney had acted and his intentions towards the elections and the campiagn. With very little knowledge of the presidential canadidate and with limitations of voting and campaign ads, there is very little trust given towards the election process especially with more than a few states that are not being taken very seriously, with very little say. If the Electorial College could give off more information and more become more reliable towards all states, the process would be less sinister and more apreciated.",Claim,"There is very little equality when it comes to elections especially, when the states are giving an unreliable system to choose for them.",False,"To the state and the state's country, the election of our president must be seen carefully and wisely. As the citizens of the state, people must realize that choosing someone to take control of orders and regulations and the way the country evolves, is a process that needs to be thought of and taken fairly. The president is to serve the people of his country well with responisbilities that can vary to meet the needs of the country,but the electoral college seems to become more and more unfair to those who vote. It must be changed to meet the needs of giving a responisble president, a more trustworthy election and the votes cast must be directly towards him rather than the electors. In other words, the Electoral College must be changed to become more fair towards the citizens.

The United States Of America, is of course a massive country with large variations of different needs. All over, there are people who vary in opinions, beliefs and lifestyle which can cause the Election of the president to become an important subject matter. To meet the needs of so many people, instead the Electoral college must not choose a president that takes up space, but instead have a right mind to be responisble in taking charge of the country and the people.

There are many reasons why a responsible president must be choose. Things like creating rules to attend the needs of all citizens and create equality amongst them, to keeping harm from out of reach, the Electoral College should become much more wiser in choosing the right ruler to take control. In the article

What Is The Electoral College by the office of the Federal Register, it states that the election process is held every four years along with the after election prepared by the govenor titled ""Certificate Of Ascertainment"" which sums the canadidates and electors as well as the winning canadidate. It is obvious that the voters only know so much of what they vote for and do not really get a good taste of how the presidential canadidate is like. It can be clear that as a blind election, the voters have no hints of who they might be voting towards and in the end can cause a major catasrophe if a canadidate has very little intentions for the states. In agreement to the article the text

In the defense of the electoral college by Richard A. Posner it begins to sate the election of Romney who, by increasing his plurality and possesing only regional appeal, lost the peoples desire to vote for him thinking that the man has no regards for their interest and does not have any intentions of improving their needs or helping with creating a community where the people can rely on Romney. The actions taken began to change the thoughts of the citizens and create a petrifying conclusion that the man was not on the run to be everyone's president. This dilema could have been changed around if Romney had shown that he had cared more for his state and his country and thought more about the needs he could fill and the actions he could improve, then many of the voters would have most likely shown repsect and a desire for the man to be choosen as their new president. On the opposing hand Romney had not shown any of those qualities or passion which had caused for him to be thought of as unresponisble and selfish.

The country has more than thousands and thousands of people to serve and direct. It can be understood that having a large amount of citizens can result in uncertainty towards the election and the votes cast, yet it is yet to be changed to a more reasonable way of confronting it. With many systems such as ""Winner-Take -All"" due to states titled as the ""Swing States,"" it can be an untrustworthy election fo rmany voters around the country. The election process not only need to be changed to select a more responsible canadidate, but to create a more trustworthy system of itself.

There is very little equality when it comes to elections especially, when the states are giving an unreliable system to choose for them. States that are considered ""Toss Ups"" are selfishly awarded the system named ""Winner-Takes-All"" due to how they apparently pay closer attention to the campaign. In the article

What Is The Electotal College by the office of the Federal Register, the method is first introduced in paragraph 7. Stating that the purpose of the ""Winner-Take-All"" system is not only,but to award all electors to the winning canadidate. It is said to be unrelaible and untrustworthy due to it's focus on states that appear t have more attention towards the election. On a more basic level, some states such as Rhode Island and South Carolina had not even witness the campaign and even leaving a few voters to have no say. Going back to the misunderstanding of the election of Romney,the country wittnessed an iresponsible canadidate that had ran for president. With the unreliable ridiculous system ""Winner-Take-All"" some states may or may not have even experienced how Romney had acted and his intentions towards the elections and the campiagn. With very little knowledge of the presidential canadidate and with limitations of voting and campaign ads, there is very little trust given towards the election process especially with more than a few states that are not being taken very seriously, with very little say. If the Electorial College could give off more information and more become more reliable towards all states, the process would be less sinister and more apreciated.

There are many more other factors in which the Electorial College must be changed to meet the appropriate dilemas and needs of the voters and their intentions towards the campaign. On the other hand, it has not changed at all only to stay unfair towards the entire country and possibly cause a catasrophe.

Let us say, there have been many incidents where elections have been on the edge of a major dilema. Wondering why a straight up orderly process can go to the point of a catasrophe, can all be easily explained as unfair.

All can be simplified in the article

Why Even The Best-Laid Defesnes of the system are wrong by Bradford Plumer, states back to the disater factor of the election of John F.Kennedy. It states back to the 1960's where faithless electors had pushed aside the votes and sayings of Louisiana had decided to vote for whomever they had wanted. It had caused a problem of course since the votes where not even of the people, but of the selfish sick minds of the electors who toke the process into their own hands. In the same paragraph it staes back to when the state of Hawaii had sent in two slates of electors to congress. With the unreliable actions of Richard Nixion,  had validated his opponent's electors of course to win over the campaign. once again another issue arises in the article

Five Reasons To Keep Our Despised Method Of Choosing The President, it agrees with the unfairness of the electorals by giving the example of how the Electorial College had turned off the potential voters due to the knowledge that their votes will be uncared for. In paragraph 23, it states that in the state of Texas, it was known that the votes would have know effect of the campaign what so ever. It aslo had staes that voters in politcal elections have no care rather than to express the political refrence than what the peole think or decide. This sums up that the process is unfair to many of the states voters and must be changed to become more open and share the equality with those who are losing thier trust.

In conclusion, the Electorial College mut be changed to meet the need of those who agree that is it irresponisble when givng a repsonisble president, a more trustworhty election and an unfair process. Yet this can all be fixed simply by changing the ways it is run and to give more freedom for the people.    ",supports,Child gives a reason/evidence for the parent's stance.,supports,confirmed by user,supports | elaborates | same_thread | attacks_or_rebuts | wrong_parent | unsure
persuade:0ED7102ED5B3,persuade-span:5b797896366cc3f8f11daeb5,Claim,I dont think we really need to change this rule. Because sometimes its best to keep things the same,Position,Why should we keep the Electoral College? Because its what we've done from the start. Sometimes its fine just to keep things the same,False,"Why should we keep the Electoral College? Because its what we've done from the start. Sometimes its fine just to keep things the same. There is nothing wrong with change but I  beleive that this is the right choice. If we demolish the Electroal College then voting really wouldn't be fair. Because some states have more people than others.

I dont think we really need to change this rule. Because sometimes its best to keep things the same. Its been going on for about 200 years. There hasn't been too many things that have gone wrong with it. Yes there has been troubles in the past. But were all human no matter what we do we can't be perfect. So we will just have to learn from our mistakes an approve on them. We have to belive we have the right people for the job and hope they will make sure things run smoothly for electing a president or any other official we use it for.

If we get rid of the Electoral College then the voting for office wouldnt be fair. Some states are a lot bigger than others. So once its gone then the bigger states would have more effect on the votes than the smaller ones. Example: if we do get a new way to vote and its off popular vote then what if New York has 40,000,000 people and Nevada has only 10,000,000 people. New Yorks votes would have a more effect than Nevadas. This may lead to long debates over the voting arrangement because the smaller states would be mad that they wouldn't get as much of a fair vote. Just like how it was when the founding fathers made this arrangement.

These are my reasons I think that keeping the Electoral College is a better than having just popular vote.                            ",supports,Claim nearly restates the Position.,supports,confirmed by user,supports | elaborates | same_thread | attacks_or_rebuts | wrong_parent | unsure
persuade:FF5969F5A2EB,persuade-span:a7a64c24334026584b3340c5,Evidence,"Source #2 paragraph 9 , it says; ""...

Al Gore- thanks to the quirks of the electoral college-won the poular vote but lost the presidency...

"" If the people's favorite candidate wins the popular vote, a vote representing the country's citezens, but loses the election because of the Electoral College then the system is unfair to voters.",Claim,"My final reason to get rid of the Electoral College is that a candidate can win the popular vote, but lose the election.",False,"This country is built on democracy, the idea that all of its citezens have rights and a say in how the country is run. The Electoral College takes away the peoples vote, because in an election, the eligable citezens vote for a candidate, but in reality they are voting for a group of electors who will then vote for the candidate. I believe this is unfair and that the Electoral College should be removed from the country's government.

The first flaw with the Electoral College is that voters cannot directly vote for their favorite candidate. In

Source #2 paragraph 10 , it says; ""

... voters vote not for the president, but for a slate of electors, who in turn elect the president.

"" If citezens of the United States can't vote for thir own president directly then it takes some of the democracy out of the country. It rarely happens but the electors don't always vote for the candidate with the most popular vote, they can vote for whoever they want, if they really wanted to. This is just one reason I think the Electoral College should be removed, and replaced by a popular vote.

My next reason for replacing the Electoral College with a popular vote is that a tie in the Electoral College is possible. In

Source #3 paragraph 18 , it says; ""

A tie in the nationwide electoral vote is possible because the total number of votes-538-is an even number...

"" If a tie occurs then the vote goes to the House of Representatives, but how will they know the feelings of voters if they vote one party for Congress, and another party for president?

My final reason to get rid of the Electoral College is that a candidate can win the popular vote, but lose the election. In

Source #2 paragraph 9 , it says; ""...

Al Gore- thanks to the quirks of the electoral college-won the poular vote but lost the presidency...

"" If the people's favorite candidate wins the popular vote, a vote representing the country's citezens, but loses the election because of the Electoral College then the system is unfair to voters.

People supporting the Electoral College may say like in

Source #3 paragraph 19 , ""

The Electoral College requires a presidential candidate to have trans-regional appeal. No region (South, Northeast, etc.) has enough electoral votes to select a president.

"" But this country should be about how the people vote, a popular vote would be the same, no region would have enough eligeable voters to elect a president, so a candidate would have to campaign all over the country.

In conclusion I think the Electoral College should be replaced with a popular vote. Voters cannot directly vote for thier choice candidate, ties can occur in the Electoral College, and a candidate can win the popular vote, but somehow still lose the election. The system is unfair to voters, and this country is based on fairness and rights to all of its citezens, so why should the Electoral College get to take away people's rights?    ",supports,Child gives a reason/evidence for the parent's stance.,supports,confirmed by user,supports | elaborates | same_thread | attacks_or_rebuts | wrong_parent | unsure
persuade:EFD083A64487,persuade-span:16f48564c255bbe7770c9ec1,Evidence,"Popular votes was something they all had in mind when choosing the president. It was shown the 60% of voters would prefer a direct election, than having the electoral college. That's more than half!",Claim,"Richard Nixon, Jimmy Carter, Bob Dole, and the U.S. Chamber of Commerce have all agreeded that to abolish the electoral college.",False,"Dear State Senitor,

Abolishing The Electoral College

We are the United States of America. We have learned that we have the freedom of free speech, practices, and choices. This is what we have learned that we supposively do. If we can't pick out who will rule over us, then what are we doing with ourselfs?

We deserve to have a choice in choosing who will rule our country. The Electoral College was established by our founding fathers in the Constitution. Constitutions like these eventually get revised. This method is too outdated.

Richard Nixon, Jimmy Carter, Bob Dole, and the U.S. Chamber of Commerce have all agreeded that to abolish the electoral college. Popular votes was something they all had in mind when choosing the president. It was shown the 60% of voters would prefer a direct election, than having the electoral college. That's more than half!

The best argument against it, is the the disaster factor. From this, the system keeps allowing worse and worse things every year. In the Electoral College, size and population of the states matter a lot. It can be unfair for a smaller state with a smaller population against a bigger state with a wider population. It is a winner-takes-all situation. Candidates don't spand that much time in states that they know they aren't going to win in. The electoral college is unfair and very outdated. We must adapt to the new demand of freedom of choice.

In short, it is better for a voter to know that their vote was counted towards something big. Maybe it was their vote that changed it all. We, as the United States of America, we have learned that our freedom is earned, not given. By this, it may take a while to convince those around that the Electoral College should be taken down or revised. We should get what we voted for because our voice counts .    ",supports,Child gives a reason/evidence for the parent's stance.,supports,confirmed by user,supports | elaborates | same_thread | attacks_or_rebuts | wrong_parent | unsure
persuade:2B4A794ED0D8,persuade-span:4cda00f632a3be8ee8a3eae4,Evidence,"and the election would br thrown to the house of representatives, where state delegations vote on the president.",Claim,perhaps most worrying thing is the prospect of a tie in the electoral vote,False,"sould we keep the elecoral collage or should we change it to election by how many popual votes for being the president of the unioted states.

what is the callage electoral ?

the electoral collage is a compromise between electing a president by voteing in congress and election of the president by how many popalar vote for qualified as to be a president.

teh electoral has many process such as meeting of the electors where they vote for president and vice president, and the counting of the electoral votes by congress.

oto be elected for president u need to have a majority of 270 electorals votes cause the electoral callage consists of 538 electors under the 23rd amendment of the constitution, the district of columbai is allocated 3 electors and trated like a statte for purposes of the electoral collage.

pretty much each candidate running for president in any state has his or her own group of electors.

any president thats running for election is held every fore years on the tuseday after the first monday in novermber.

most states have a winner-take-all system that awards all electors to the winninfg presidential candidate.

elctoral collage they're not alone according to a gullup poll in 2000, taken shortly after al gore thanks to the quirks of the electoral collage won the popular.

the problem with electrola collage is that under the electoral collage system, voters vote not for the president , but for a slate of electors who in turn elect the president.

thje singel best argument against the electoral collage is whtat we might call the disaster factor. we consider that state legislatures are technically responsible for picking electtors.

perhaps most worrying thing is the prospect of a tie in the electoral vote. and the election would br thrown to the house of representatives, where state delegations vote on the president.

at the most basic level, the electoral collage is unfair to voters. because of the winner-take-all system in eavh state, bcandiadates dont spend time in state they know they have no chance of winninf-g, focusinfg only on the races in the swing states.

collage method of selcting the president may turn off potential voters for a candidate who has no hope of carrying their state.

voters in presidential elections are people who want to express a political preference rather than people who think that a sinle vote may decide a n election.

in my conculesion we should change the election by who has most popular votes for the president of the untied states, because it make more scence the election always go by votes and who ever have the most votes is elected for the president of the untied state. the eletoral collage system wasnt that good to many things going on i mean like it was kinad of good but not better then election on popaler votes.    ",elaborates,Evidence completes the parent's sentence (tie -> House).,elaborates,confirmed by user,supports | elaborates | same_thread | attacks_or_rebuts | wrong_parent | unsure
persuade:8AEDFCDF7246,persuade-span:000f874a32515fc1e87276ca,Evidence,"The electoral college votes for the president based on what the people from the state vote on. "" Under the electoral college system, voters vote not for the president , but for a slate of electors, who in turn elect the president."" so in other words you may vote for someone but it's all upon the electors to discide who wins the election",Claim,"because. One, the electoral college are the people chosen by the candidate that are running for president and are made of House of Representatives and Senate",False,"Dear senator of Florida

The Electoral College should not be kept in the system because. One, the electoral college are the people chosen by the candidate that are running for president and are made of House of Representatives and Senate. The electoral college votes for the president based on what the people from the state vote on. "" Under the electoral college system, voters vote not for the president , but for a slate of electors, who in turn elect the president."" so in other words you may vote for someone but it's all upon the electors to discide who wins the election. another thing that is wrong with the electoral college is we don't was vote for our electors. At the most basic level, the electoral college is unfair to the voters. becuse of the winner-take- all sytem in each state, candidates don't spend time in states they knjow they have no chance of winning, focusing only on the tight races in the ""swing"" states. Over 60 percent of voters would prefer a direct election to the kind of election we have now. the people believe that we should have the power to discide who we choose as our president not the electoral college.

their is some upsides to the electoral college system. ""In the winner-take-all method of awarding electoral votes induces the candidates- as we saw in [2012's] election-to focus their campaign efforts on the toss-up states. . . . Voters in toss-up states are more likely to pay close attention to the campaign.... the more likely to be more thoughtful voters favoring the people of the state."" And in the bigger states the electoral college therew are more electoral votes due to the amount of people in the states and in this case more votes equal higher of a chance of the person you picked to become president.

yes there might be an upsid eto having an electoral college but the risks out weigh the benefits. And so in the end i believe that we shoudn't have an electoral college i believe that the people should vote for themselfs.    ",elaborates,Child adds detail/continuation to the parent rather than a separate reason.,elaborates,confirmed by user,supports | elaborates | same_thread | attacks_or_rebuts | wrong_parent | unsure
persuade:86BB3D5BA612,persuade-span:2a5bf22f4fd733ea9bcd631d,Evidence,"We vote for who WE want, not for some other guy to say what we want. Voters want THEIR voice to be heard when they vote not someone else's. When we vote for a presidential candidate we want to vote directly for who we are voting, we want to pick who we want directly. In source 2 the article explains how the Electoral College works. The author says ""Under the electoral college system, voters vote not for the president, but for a state of electors, who in turn elect the president."" What this means is that when you voted for Obama you didn't vote for Obama , you voted for a group of people to vote for who they wanted. So your voice was not heard. Don't you find that unfair to the voters and to the candidates?",Claim,"The Electoral College is really unfair, especially for voters.",False,"Dear State Senator, I send you this letter to bring up an issue that is often debated amongst us Americans. Should we kee the Electoral College? No! The electoral college just doesn't work anymore and we have seen that in the past. You probably ask yourself what is wrong with the Electoral College? The problem with the Electoral College is that it is unfair, it doesn't rely on what the people say and it can sometimes really make the public mad.

The Electoral College is really unfair, especially for voters. We vote for who WE want, not for some other guy to say what we want. Voters want THEIR voice to be heard when they vote not someone else's. When we vote for a presidential candidate we want to vote directly for who we are voting, we want to pick who we want directly. In source 2 the article explains how the Electoral College works. The author says ""Under the electoral college system, voters vote not for the president, but for a state of electors, who in turn elect the president."" What this means is that when you voted for Obama you didn't vote for Obama , you voted for a group of people to vote for who they wanted. So your voice was not heard. Don't you find that unfair to the voters and to the candidates?

Everytime one person votes for a certain presidential candidate, they are basically ignored. The President should be chosen by the people! And at the moment the President is being chosen by politicians who will ""represent"" us and repeat what we say although that has been proven to not always be true. Passage 2 reminds us of the incidence in the 2000 election in which Al Gore lost the presidency to George W. Bush by electoral votes, even though he had more inividual votes. This proves that our state representatives will not always represent us how we want them to, but how they want to represent us. This is the reason why voters need a direct voice from them to picking their leaders. We should pick what we want not what some politicians want. You are probably saying that these incedents do not happen very often, as said in source 3. The article says ""...it is entirely possible that the winner of the electoral vote will not win the national popular vote. Yet that has happened very rarely. It happened in 2000...but that was the first time since 1888"" This says that situations like this are very rare, yet it is still possible. Even so, wouldn't you rather the people be heard rather than a politician that claims to represent his state?

So many people got mad in 2000 when they just chose the president most people didn't want. There's many ways to make us Americans mad and this is just another one of those ways. In the United States you are supposed to be able to choose what you believe to be right. If you want to choose what you think should be the future's right president then you should be able to pick him and not have to expect anyone's approval or opinion on your vote. You should be able to walk out from the voting center and say

I voted for this guy. Eventually keeping the Electoral College will only cause more problems, because as time goes on the human develops its opinion futher and creates and spreads new ideas meaning that there will be more people picking different things. If you think that what you are picking should be picked you should be able to say ""I want that"" and not have to through the bother knowing that a politician may have chosen what you DON'T want. If you want to make Americans mad, then keep the Electoral College.

In conclusion I think that the Electoral College be removed and the use of popular vote be put into effect because the Electoral College is unfair, it does not reply on what the public says and it makes the Americans mad. Please take this letter into consideration.    ",supports,Child gives a reason/evidence for the parent's stance.,supports,confirmed by user,supports | elaborates | same_thread | attacks_or_rebuts | wrong_parent | unsure
persuade:B38B82E3F538,persuade-span:3cec8fcd0971697c49fc0abb,Counterclaim,The Electoral College is unfair to voters because of the winner-takes-all system in each state,Position,"We need to keep the Electoral College , it has been used by the founding fathers back then and still should be used to this day. ",False,"We need to keep the Electoral College , it has been used by the founding fathers back then and still should be used to this day. The Electoral college is a compromise between election of the president by a vote in congress and election of the president by a popular vote of qualified citizens. It also helps by the process of selection of the electors , were the vote for president and vice president. The Electoral College can keep five hundred and thirty eight electors with two hundred and seventy electoral votes to require the president. For each state has his or her own group of electors chosen by the candidate's political party.

The presidential election is held every four years on a tuesday after the first monday in november. What most states do is have a ""winner-take-all"" system that awards all electors to the winning presidential candidate. Then win the election is over the governor prepares a ""Certificate of Ascertainment""with every candidate who ran for president names on it. That means who ever won it represents your state for when you try running for president. The certificate is sent to the congress and the National Archives as part of the official records of the presidential election.

For some reason a lot of presidents wanted to get rid of the electoral college such as Richard Nixon , Jimmy Carter ,and Bob Dole. Apparently people would rather have wanted a direct election to the kind we have now. When you use the Electoral College your not just voting for a president your voting for a slate also. Which could also lead to the disaster factor , when everyone has an arguement against the electoral college. Usually the only problem would have to  be a tie in the electoral vote , in case the election would be thrown to the House of representatives were they vote on the president.

The Electoral College is unfair to voters because of the winner-takes-all system in each state. Candidates don't spend enough time in states they know they probably don't have a chance at winning so they focus only on the tight race in the ""swing"" states. Even though it is unfair it is widely regarded it just tells whoever person got more votes. Did you know when you vote for a president you are actually voting for a slate for electors. So you dont have to always blame the Electoral College its you who is putting the vote into it.

In conclusion, the Electoral College is a process not a place that takes in the number of votes for a presidential election. Our founding fathers established it in the constitution as a compromise between election of the president. Ever state has thier own Electoral College , and it tells which candidate has won so they can represent are state in the presidential election. It also helps process by keeping votes in for our vice president and our president of the United States. That is why we have the Electoral College , now tell me do you think we should always use the Electoral college.    ",attacks_or_rebuts,Counterclaim states the opposing view to the Position.,attacks_or_rebuts,confirmed by user,supports | elaborates | same_thread | attacks_or_rebuts | wrong_parent | unsure
