stratum,example_id,annotation_id,role,method,supplied_start,supplied_end,recovered_start,recovered_end,start_delta,annotation_text,context_before,recovered_text,context_after,text_at_supplied_offsets,suggested_verdict,suggestion_reason,verdict,notes,verdict_options
search_short,persuade:BC2333002957,persuade-span:76787b94c6d91b9cd4c0008b,Unannotated,unique_exact,1122,1124,1123,1126,1,.. ,"population (Ex. A small state such as Maryland would have less electors than California). It seems alright, until you realize how unfair it really is.",.. ,"In one way, though rare, the electors may switch outlooks, and end up voting for the opposite candidate than whom they were voted, in turn, to vote fo",...,correct,"Text matches annotation; boundaries on word/punctuation; start 1 chars from supplied offset, consistent with neighbours.",correct,confirmed by user,correct | wrong_location | wrong_boundary | wrong_role | unsure
search_short,persuade:B7E1A842F675,persuade-span:08314f57613cd4d1d1a1da00,Claim,unique_trimmed,567,589,540,562,-27,third the Swing States ," why we should keep it. the electoral college has all practical reasons,first thing first is it Certainty Of Outcome,second that Everyone's President,",third the Swing States,",fourth the Big States and Last Avoid Run-Off Elections. All of these reasons contribute into the Electoral College on why it should stay.

The certai",th the Big States and L,correct,"Location correct; list-item claim in a one-sentence enumeration, as annotated.",correct,confirmed by user,correct | wrong_location | wrong_boundary | wrong_role | unsure
search_short,persuade:B7E1A842F675,persuade-span:244229fe0f452b8db70a2cd4,Claim,unique_exact,590,611,563,585,-27,fourth the Big States ," the electoral college has all practical reasons,first thing first is it Certainty Of Outcome,second that Everyone's President,third the Swing States,",fourth the Big States ,"and Last Avoid Run-Off Elections. All of these reasons contribute into the Electoral College on why it should stay.

The certainty of outcome is that ",ast Avoid Run-Off Elec,correct,"Location correct; list-item claim in a one-sentence enumeration, as annotated.",correct,confirmed by user,correct | wrong_location | wrong_boundary | wrong_role | unsure
search_short,persuade:4CA37D113612,persuade-span:079d538316483a26c8a33246,Claim,unique_trimmed,3990,4013,4002,4025,12,Avoid Run Off Elections ,"n that election with only 29 electoral votes. Bigger states get more attention from presidential candidates in a campaign than a smaller state does.

",Avoid Run Off Elections,"

The electoral college avoids the problem of elections in which the candidate recieves a majority of the votes by the cast. When neither of the candi","tate does.

Avoid Run Of",correct,"Text matches annotation; boundaries on word/punctuation; start 12 chars from supplied offset, consistent with neighbours.",correct,confirmed by user,correct | wrong_location | wrong_boundary | wrong_role | unsure
search_other,persuade:37019C8C1ECD,persuade-span:f2bd06e3b7237743d2f21a77,Evidence,unique_trimmed,2404,3068,2417,3081,13,"By , not making their vote count some people can feel that their voices are not being heard which can lead to in some cases riots and rebellions etc. Voting happens for a reason if gives the world a chance to pick whom they want to see lead them and who they feel like is the right person but in the end if there votes cant count and actually go to the electors limits their power and freedom to speak. '' Voters in presidential elections ae people who want to express a political prefeence rather than people ho think that a single vote may decide an election''.(source 3 , p.23). The Electoral College may have worked in the past but now its not working as well. ","nt be the only ones actually counted.

Moreover , Bigger states may have a bigger effect on the votes because of their large amount of people voting. ","By , not making their vote count some people can feel that their voices are not being heard which can lead to in some cases riots and rebellions etc. Voting happens for a reason if gives the world a chance to pick whom they want to see lead them and who they feel like is the right person but in the end if there votes cant count and actually go to the electors limits their power and freedom to speak. '' Voters in presidential elections ae people who want to express a political prefeence rather than people ho think that a single vote may decide an election''.(source 3 , p.23). The Electoral College may have worked in the past but now its not working as well.","

To conclude , The Electoral College process should be stopped for numerous number of reasons. It limits peoples opinions and people are voting for n","ople voting. By , not making their vote count some people can feel that their voices are not being heard which can lead to in some cases riots and rebellions etc. Voting happens for a reason if gives the world a chance to pick whom they want to see lead them and who they feel like is the right person but in the end if there votes cant count and actually go to the electors limits their power and freedom to speak. '' Voters in presidential elections ae people who want to express a political prefeence rather than people ho think that a single vote may decide an election''.(source 3 , p.23). The Electoral College may have worked in the past but now its not work",correct,"Text matches annotation; boundaries on word/punctuation; start 13 chars from supplied offset, consistent with neighbours.",correct,confirmed by user,correct | wrong_location | wrong_boundary | wrong_role | unsure
search_other,persuade:E0FAD617D3BF,persuade-span:21238c6f22265859df611f39,Rebuttal,unique_trimmed,4059,4136,4071,4148,12,"However, they can fix this problem by eliminating the electoral votes process ",way to vote but having electoral colleges will avoid run-off elections. Run-off elections are when no canidate receives a majority of the votes cast. ,"However, they can fix this problem by eliminating the electoral votes process",". Therefore, it makes it clear that having a popular vote to deide who is the winner would be better when it is election time.

Having popular votes s","votes cast. However, they can fix this problem by eliminating the electoral vo",correct,"Text matches annotation; boundaries on word/punctuation; start 12 chars from supplied offset, consistent with neighbours.",correct,confirmed by user,correct | wrong_location | wrong_boundary | wrong_role | unsure
search_other,persuade:20C0FA255C6E,persuade-span:73636450005adc60576fb18f,Lead,unique_exact,135,687,122,675,-13,"I am writing to talk to you about the Electoral College. I've done my research, and according to the article

What Is the Electoral College?

by the Office of the Federal Register, it was first established ""in the Constitution as a compromise between election of the President by a vote in Congress and election of the President by a popular vote of qualified citizens."" What I understood from that text is that it was made to keep equality and fairness between the government and the people. If that is so, why is it that the people have no say in it? ","Dear Mr. Senator,

My names is PROPER_NAME. I am 14 years old, born and raised in the beautiful city of LOCATION_NAME and ","I am writing to talk to you about the Electoral College. I've done my research, and according to the article

What Is the Electoral College?

by the Office of the Federal Register, it was first established ""in the Constitution as a compromise between election of the President by a vote in Congress and election of the President by a popular vote of qualified citizens."" What I understood from that text is that it was made to keep equality and fairness between the government and the people. If that is so, why is it that the people have no say in it? ","I believe that the election should be based on the popular vote because the people should get what the people want.

The Constitution says ""We the peo","to talk to you about the Electoral College. I've done my research, and according to the article

What Is the Electoral College?

by the Office of the Federal Register, it was first established ""in the Constitution as a compromise between election of the President by a vote in Congress and election of the President by a popular vote of qualified citizens."" What I understood from that text is that it was made to keep equality and fairness between the government and the people. If that is so, why is it that the people have no say in it? I believe tha",correct,"Text matches annotation; boundaries on word/punctuation; start -13 chars from supplied offset, consistent with neighbours.",correct,confirmed by user,correct | wrong_location | wrong_boundary | wrong_role | unsure
search_other,persuade:E0FAD617D3BF,persuade-span:cc6ea10af4120f05e0501283,Counterclaim,unique_exact,3921,4058,3933,4071,12,but having electoral colleges will avoid run-off elections. Run-off elections are when no canidate receives a majority of the votes cast. ,"ple of the United States decide who will take over the countries' responsibility and economy. Yes, the popular votes is a great and ideal way to vote ",but having electoral colleges will avoid run-off elections. Run-off elections are when no canidate receives a majority of the votes cast. ,"However, they can fix this problem by eliminating the electoral votes process. Therefore, it makes it clear that having a popular vote to deide who is",way to vote but having electoral colleges will avoid run-off elections. Run-off elections are when no canidate receives a majority of the ,correct,"Location correct. Role is the source label; this counterclaim reads oddly (argues for the college) but that is annotation content, not recovery.",correct,confirmed by user,correct | wrong_location | wrong_boundary | wrong_role | unsure
search_other,persuade:3A9F1E5CEF61,persuade-span:92aa0ff01512488d733eac8b,Claim,unique_trimmed,2523,2574,2535,2586,12,The Electoral College method is the choice to pick. ," People that vote are people who want to express their political preference, rather than people who think that a single vote may decide an election.  ",The Electoral College method is the choice to pick.,"

I believe that the Electoral College is the method we should continue using when electing our nation's president.  We're less likely to have a dispu", election.  The Electoral College method is the choi,correct,"Text matches annotation; boundaries on word/punctuation; start 12 chars from supplied offset, consistent with neighbours.",correct,confirmed by user,correct | wrong_location | wrong_boundary | wrong_role | unsure
search_other,persuade:13FB62D377E3,persuade-span:15c0da4798d7db53b7f9fbb6,Claim,unique_exact,1023,1134,1000,1112,-23,I know there is the bigger states but  you can always split it boys one one side and all the girls on the other ,"me"" they might be saying that because thats what everybody says so take that one down and build a bigger and better one  then the one we have today.

",I know there is the bigger states but  you can always split it boys one one side and all the girls on the other ,".

Look at obama he was suppose to make are country a better place but he is making it worse. so maby if we get a look at them and they tell us what t","ger states but  you can always split it boys one one side and all the girls on the other .

Look at obama he was",correct,"Text matches annotation; boundaries on word/punctuation; start -23 chars from supplied offset, consistent with neighbours.",correct,confirmed by user,correct | wrong_location | wrong_boundary | wrong_role | unsure
search_other,persuade:B7E1A842F675,persuade-span:348035a0eaf6ed5d203b9044,Lead,unique_trimmed,78,378,51,351,-27,"Many people argue on weather or not of keeping the Electoral College or changing to election by popular vote for the president of the United States. U.S Citizens arguemented how the electoral college is unfair,outdated and irrational. On the other side of the arguement despite its lack of democratic ","PROPER_NAME 3433

SCHOOL_NAME

Dear state senator

","Many people argue on weather or not of keeping the Electoral College or changing to election by popular vote for the president of the United States. U.S Citizens arguemented how the electoral college is unfair,outdated and irrational. On the other side of the arguement despite its lack of democratic",",the electoral college has many reasons why we should keep it. the electoral college has all practical reasons,first thing first is it Certainty Of Ou","r or not of keeping the Electoral College or changing to election by popular vote for the president of the United States. U.S Citizens arguemented how the electoral college is unfair,outdated and irrational. On the other side of the arguement despite its lack of democratic,the electoral college has m",correct,"Text matches annotation; boundaries on word/punctuation; start -27 chars from supplied offset, consistent with neighbours.",correct,confirmed by user,correct | wrong_location | wrong_boundary | wrong_role | unsure
search_other,persuade:E0FAD617D3BF,persuade-span:5fd7b0e8309d0d9495c61495,Concluding Statement,unique_exact,4263,5047,4276,5061,13,"Having popular votes system will be arguably the best system to use for the election and towards the voting process. Using electoral votes will be unfair to voters when they are voting because of the simply winner-take-all basis of each and every one of the fifty states. Not only that it's unfair, it also causes many crisis in the United States dealing with this system alone and then eventually lead to dramatic chaos across the nation. Also, having the amount of electoral votes doesn't compare to the population of the actual state. Remember it is still one representative for the 500,000 people in Wyoming. Popular votes should be used in every political system no matter what situation it is. As the passage says, the argument against direct elections are spuriors at the best. ","lectoral votes process. Therefore, it makes it clear that having a popular vote to deide who is the winner would be better when it is election time.

","Having popular votes system will be arguably the best system to use for the election and towards the voting process. Using electoral votes will be unfair to voters when they are voting because of the simply winner-take-all basis of each and every one of the fifty states. Not only that it's unfair, it also causes many crisis in the United States dealing with this system alone and then eventually lead to dramatic chaos across the nation. Also, having the amount of electoral votes doesn't compare to the population of the actual state. Remember it is still one representative for the 500,000 people in Wyoming. Popular votes should be used in every political system no matter what situation it is. As the passage says, the argument against direct elections are spuriors at the best. ",Abolish the electoral system college once and for all!            ,"ction time.

Having popular votes system will be arguably the best system to use for the election and towards the voting process. Using electoral votes will be unfair to voters when they are voting because of the simply winner-take-all basis of each and every one of the fifty states. Not only that it's unfair, it also causes many crisis in the United States dealing with this system alone and then eventually lead to dramatic chaos across the nation. Also, having the amount of electoral votes doesn't compare to the population of the actual state. Remember it is still one representative for the 500,000 people in Wyoming. Popular votes should be used in every political system no matter what situation it is. As the passage says, the argument against direct elections are spuriors ",correct,"Text matches annotation; boundaries on word/punctuation; start 13 chars from supplied offset, consistent with neighbours.",correct,confirmed by user,correct | wrong_location | wrong_boundary | wrong_role | unsure
search_other,persuade:B7E1A842F675,persuade-span:0c15da3c6a428f3c4931ba71,Claim,unique_exact,1566,1605,1539,1579,-27,there is pressure for run-off elections ,"oes because of population.

In the electoral college they avoid the problem of elections in which no candidate recieves a majority of the votes cast. ",there is pressure for run-off elections ,when no canadidate wins a majority of the votes cast. the pressure will be reduced by the electoral college which in variably produces a clear winner.,ff elections when no canadidate wins a m,correct,"Text matches annotation; boundaries on word/punctuation; start -27 chars from supplied offset, consistent with neighbours.",correct,confirmed by user,correct | wrong_location | wrong_boundary | wrong_role | unsure
search_other,persuade:B7E1A842F675,persuade-span:3a068cdcbac357ee5faa50e7,Position,unique_exact,379,440,352,414,-27,the electoral college has many reasons why we should keep it. ,"S Citizens arguemented how the electoral college is unfair,outdated and irrational. On the other side of the arguement despite its lack of democratic,",the electoral college has many reasons why we should keep it. ,"the electoral college has all practical reasons,first thing first is it Certainty Of Outcome,second that Everyone's President,third the Swing States,f",any reasons why we should keep it. the electoral college has a,correct,"Text matches annotation; boundaries on word/punctuation; start -27 chars from supplied offset, consistent with neighbours.",correct,confirmed by user,correct | wrong_location | wrong_boundary | wrong_role | unsure
search_other,persuade:E0FAD617D3BF,persuade-span:d753cc55bb35219f49b9edda,Unannotated,unique_exact,3865,3920,3877,3933,12,"Yes, the popular votes is a great and ideal way to vote ",ion. It should be important to many people as we the people of the United States decide who will take over the countries' responsibility and economy. ,"Yes, the popular votes is a great and ideal way to vote ","but having electoral colleges will avoid run-off elections. Run-off elections are when no canidate receives a majority of the votes cast. However, the","nd economy. Yes, the popular votes is a great and ideal ",correct,Location correct. Source left this concession unannotated although it reads like part of the counterclaim that follows; not a recovery error.,correct,confirmed by user,correct | wrong_location | wrong_boundary | wrong_role | unsure
search_other,persuade:B7E1A842F675,persuade-span:f374ed40371131b5737ef9fd,Evidence,unique_trimmed,1310,1443,1282,1415,-28,The large states gets more of the attention from presidential candidates in a campaign then a small state does because of population. ,"ost thoughtful voters should be the ones to decide the election.

The electoral college stores the weight in the big states in the political balance. ",The large states gets more of the attention from presidential candidates in a campaign then a small state does because of population.,"

In the electoral college they avoid the problem of elections in which no candidate recieves a majority of the votes cast. there is pressure for run-","f the attention from presidential candidates in a campaign then a small state does because of population.

In the electoral college th",correct,"Text matches annotation; boundaries on word/punctuation; start -28 chars from supplied offset, consistent with neighbours.",correct,confirmed by user,correct | wrong_location | wrong_boundary | wrong_role | unsure
search_other,persuade:7003A818F22D,persuade-span:02200c672875222367bc4af3,Evidence,unique_trimmed,2165,2450,2177,2462,12,"Those electors may betray the party of the canidate and cast their vote for whomever else is running for President. The system allows for much worse to happen. A state could send two slates of electors to Congress,and the Vice President could only validate only his opponet's electors. ","n the other hand, the Electoral College is outdated and voters do not actually vote for the presidential canidate, they vote for a group of electors. ","Those electors may betray the party of the canidate and cast their vote for whomever else is running for President. The system allows for much worse to happen. A state could send two slates of electors to Congress,and the Vice President could only validate only his opponet's electors.","

In conclusion, keeping the Electoral College is a must. Without it our Presidential elections would be a diaster.    ","f electors. Those electors may betray the party of the canidate and cast their vote for whomever else is running for President. The system allows for much worse to happen. A state could send two slates of electors to Congress,and the Vice President could only validate only his opponet'",correct,"Text matches annotation; boundaries on word/punctuation; start 12 chars from supplied offset, consistent with neighbours.",correct,confirmed by user,correct | wrong_location | wrong_boundary | wrong_role | unsure
search_other,persuade:B7E1A842F675,persuade-span:042f53f8b4bcbdbe2e6a4976,Concluding Statement,unique_trimmed,2053,2167,2025,2138,-28,"Now that I told you my reasoning I hope you will understand why we should keep Electoral College from going away. 
",rs in presidential rather than people who want express a political preference rather than people who think that a single vote may decide an election. ,Now that I told you my reasoning I hope you will understand why we should keep Electoral College from going away.,"

from PROPER_NAME","ning I hope you will understand why we should keep Electoral College from going away.

from PROPER_NAME",correct,"Text matches annotation; boundaries on word/punctuation; start -28 chars from supplied offset, consistent with neighbours.",correct,confirmed by user,correct | wrong_location | wrong_boundary | wrong_role | unsure
search_other,persuade:B7E1A842F675,persuade-span:35eae284db10257b9b6529e9,Claim,unique_exact,1226,1309,1198,1282,-28,The electoral college stores the weight in the big states in the political balance. ," that they will now recieve the most info and attention from the candidates so the most thoughtful voters should be the ones to decide the election.

",The electoral college stores the weight in the big states in the political balance. ,"The large states gets more of the attention from presidential candidates in a campaign then a small state does because of population.

In the electora", the weight in the big states in the political balance. The large states gets more o,correct,"Text matches annotation; boundaries on word/punctuation; start -28 chars from supplied offset, consistent with neighbours.",correct,confirmed by user,correct | wrong_location | wrong_boundary | wrong_role | unsure
search_other,persuade:13FB62D377E3,persuade-span:95cdd8863f7cb73149c787b5,Position,unique_exact,75,174,55,155,-20,in my opinion we should change to election by popular vote for the president of the United Stastes. ,"Dear,

Mr. Senator

I am a student at SCHOOL_NAME, and ",in my opinion we should change to election by popular vote for the president of the United Stastes. ,Thats my opinon because you would know excacly how many people actually picked the president of the united states. Some people might make a mistake an,uld change to election by popular vote for the president of the United Stastes. Thats my opinon beca,correct,"Text matches annotation; boundaries on word/punctuation; start -20 chars from supplied offset, consistent with neighbours.",correct,confirmed by user,correct | wrong_location | wrong_boundary | wrong_role | unsure
search_other,persuade:20C0FA255C6E,persuade-span:5edde2d3d0d575fb96aa70b8,Position,unique_trimmed,688,803,675,790,-13,I believe that the election should be based on the popular vote because the people should get what the people want. ," is that it was made to keep equality and fairness between the government and the people. If that is so, why is it that the people have no say in it? ",I believe that the election should be based on the popular vote because the people should get what the people want.,"

The Constitution says ""We the people, by the people, for the people,"" yet the people have limited power. I understand that in order to form a more p","t the election should be based on the popular vote because the people should get what the people want.

The Constitu",correct,"Text matches annotation; boundaries on word/punctuation; start -13 chars from supplied offset, consistent with neighbours.",correct,confirmed by user,correct | wrong_location | wrong_boundary | wrong_role | unsure
search_other,persuade:13FB62D377E3,persuade-span:f881f07298ee2dcf6bcf573d,Evidence,unique_trimmed,291,468,270,447,-21,"Some people might make a mistake and pick somebody they don't want so if you do it by paper, and give people what the president will do for us peolpe might make the right choise ",e president of the United Stastes. Thats my opinon because you would know excacly how many people actually picked the president of the united states. ,"Some people might make a mistake and pick somebody they don't want so if you do it by paper, and give people what the president will do for us peolpe might make the right choise",".

So if you really feel the need of taking down the collage go ahead and do it. It will be better and in the future we can make another one and make ","e a mistake and pick somebody they don't want so if you do it by paper, and give people what the president will do for us peolpe might make the right choise.

So if you really fe",correct,"Text matches annotation; boundaries on word/punctuation; start -21 chars from supplied offset, consistent with neighbours.",correct,confirmed by user,correct | wrong_location | wrong_boundary | wrong_role | unsure
search_other,persuade:3A9F1E5CEF61,persuade-span:97c03eb3f2b4700dd14bc67e,Concluding Statement,unique_trimmed,2575,2868,2588,2880,13,"I believe that the Electoral College is the method we should continue using when electing our nation's president.  We're less likely to have a dispute, and we would avoid a run-off election, with the Electoral College.  This method has been working and should continue to work for our nation. 
","r political preference, rather than people who think that a single vote may decide an election.  The Electoral College method is the choice to pick.

","I believe that the Electoral College is the method we should continue using when electing our nation's president.  We're less likely to have a dispute, and we would avoid a run-off election, with the Electoral College.  This method has been working and should continue to work for our nation.","

Sincerely,

PROPER_NAME  ","ce to pick.

I believe that the Electoral College is the method we should continue using when electing our nation's president.  We're less likely to have a dispute, and we would avoid a run-off election, with the Electoral College.  This method has been working and should continue to work for ",correct,"Text matches annotation; boundaries on word/punctuation; start 13 chars from supplied offset, consistent with neighbours.",correct,confirmed by user,correct | wrong_location | wrong_boundary | wrong_role | unsure
search_other,persuade:B7E1A842F675,persuade-span:f0b8d2c89034efb7fb7fb156,Claim,unique_trimmed,441,533,414,506,-27,"the electoral college has all practical reasons,first thing first is it Certainty Of Outcome ","dated and irrational. On the other side of the arguement despite its lack of democratic,the electoral college has many reasons why we should keep it. ","the electoral college has all practical reasons,first thing first is it Certainty Of Outcome",",second that Everyone's President,third the Swing States,fourth the Big States and Last Avoid Run-Off Elections. All of these reasons contribute into ","ll practical reasons,first thing first is it Certainty Of Outcome,second that Everyone's Pres",correct,"Text matches annotation; boundaries on word/punctuation; start -27 chars from supplied offset, consistent with neighbours.",correct,confirmed by user,correct | wrong_location | wrong_boundary | wrong_role | unsure
offset_trimmed,persuade:2D557A2D84E9,persuade-span:36c9df111945d6f808979162,Evidence,offset_trimmed,1555,1945,1558,1948,3,"It is widely reguarded as an anachronism, which means that its something that seems to belong in the past. And thats the past, were in the present. We have moved on from that and we need something new. It should just be overruled and like i said before something new. You want something that auctually takes your vote into consideration and not just letting some elector pick the president. "," into it and there should be more thought to it or a wider range of votes.

Last but not least the electoral college is just outdated and irrational. ","It is widely reguarded as an anachronism, which means that its something that seems to belong in the past. And thats the past, were in the present. We have moved on from that and we need something new. It should just be overruled and like i said before something new. You want something that auctually takes your vote into consideration and not just letting some elector pick the president.","

Yes the person with the most votes should win, but it really depends if they have the skills and criteria to run the country and be sucessful as the","l. It is widely reguarded as an anachronism, which means that its something that seems to belong in the past. And thats the past, were in the present. We have moved on from that and we need something new. It should just be overruled and like i said before something new. You want something that auctually takes your vote into consideration and not just letting some elector pick the presiden",correct,"Text matches annotation; boundaries on word/punctuation; start 3 chars from supplied offset, consistent with neighbours.",correct,confirmed by user,correct | wrong_location | wrong_boundary | wrong_role | unsure
offset_trimmed,persuade:F1CC6E74CE32,persuade-span:64d57a24da0a1df87af5fe76,Claim,offset_trimmed,234,275,236,277,2,it is unfair to voters in certain states. ,t is a flawed system and should be replaced by and election by the popular voted. The Electoral College does not always show what the people want and ,it is unfair to voters in certain states.,"

The Electoral College should be replaced with an election by popular vote because it is not always a fair representation of what the voters want. Th",d it is unfair to voters in certain states,correct,"Text matches annotation; boundaries on word/punctuation; start 2 chars from supplied offset, consistent with neighbours.",correct,confirmed by user,correct | wrong_location | wrong_boundary | wrong_role | unsure
offset_trimmed,persuade:F3B4F60CE90C,persuade-span:e752f87746dc61f9710ed7f6,Claim,offset_trimmed,1150,1296,1151,1297,1,"The Electoral College is a unrestricted and very poorly regulated process, and it is a very unfair process. Because of the winner-take-all system. ","rs were well monitored and if every state shared the same weight in the vote but unfortunatley, it's not like that so it needs to be done away with.

","The Electoral College is a unrestricted and very poorly regulated process, and it is a very unfair process. Because of the winner-take-all system."," In 1968, if 41,971 voters voted a diffrent way the election would have been deadlocked. In 1976, if roughkly 5,500 voters in Ohio and about 3,600 vot","
The Electoral College is a unrestricted and very poorly regulated process, and it is a very unfair process. Because of the winner-take-all system.",correct,"Text matches annotation; boundaries on word/punctuation; start 1 chars from supplied offset, consistent with neighbours.",correct,confirmed by user,correct | wrong_location | wrong_boundary | wrong_role | unsure
offset_trimmed,persuade:A55300746CE7,persuade-span:1ec0c57330ec02006399015d,Claim,offset_trimmed,777,874,781,878,4,The president should win over the most of our country with good qualitys that people want to see. ,"most-votes wins"" election then the nation can have a clear view to who their votes go to. This way, votes aren't decided by popular electoral votes.

",The president should win over the most of our country with good qualitys that people want to see.," People need to open their eyes and see ""When you vote for a candidate you're actually voting for a slate of electors."" (Posner, In Defense of the Ele","s.

The president should win over the most of our country with good qualitys that people want to s",correct,"Text matches annotation; boundaries on word/punctuation; start 4 chars from supplied offset, consistent with neighbours.",correct,confirmed by user,correct | wrong_location | wrong_boundary | wrong_role | unsure
offset_trimmed,persuade:20B9810B6AA2,persuade-span:eb91d025a1543c41db6ad30a,Claim,offset_trimmed,1352,1452,1355,1455,3,"If there is a tie in the electoral vote, then the election is thrown to the House of Representatives ","tors cast a deciding vote for whomever they please. Also, a state could send in two slates of electors to Congress, making the election more unfair.

","If there is a tie in the electoral vote, then the election is thrown to the House of Representatives",". This means that each state then only gets one vote. By way of this, one vote for Wyoming has the same weight in the election as one vote from Califo",".

If there is a tie in the electoral vote, then the election is thrown to the House of Representativ",correct,"Text matches annotation; boundaries on word/punctuation; start 3 chars from supplied offset, consistent with neighbours.",correct,confirmed by user,correct | wrong_location | wrong_boundary | wrong_role | unsure
offset_trimmed,persuade:B56ABAADC95A,persuade-span:171483a1ad94840176704a17,Claim,offset_trimmed,214,289,215,290,1,In an Electoral College it restores some of the weight in political balance ,"s, in my opinion, Electoral College is a good idea.

In the cases of having an Electoral College there are some up sides of this and some down sides. ",In an Electoral College it restores some of the weight in political balance,". It also required a presidential candidate to have trans-regional appeal.

When an Electoral College restores th balance in some large states its a g", In an Electoral College it restores some of the weight in political balance,correct,"Text matches annotation; boundaries on word/punctuation; start 1 chars from supplied offset, consistent with neighbours.",correct,confirmed by user,correct | wrong_location | wrong_boundary | wrong_role | unsure
offset_trimmed,persuade:A39A5B1F2538,persuade-span:8da018ccb20be8357cd8a94f,Counterclaim,offset_trimmed,1344,1491,1345,1492,1,It is the electers who vote for presiden not the people it is possible that the winner of the electoral vote will not win the nations popular vote. ,"s didnt get to see a single campaign ad."" Bobe dole thinks they should abolish the electoral college he thinks its unfair, outdated, and irrational.

",It is the electers who vote for presiden not the people it is possible that the winner of the electoral vote will not win the nations popular vote., It happened in 200 when gore had more popular votes than bush but bush had more electoral votes and bush still won the race and became president. You,"
It is the electers who vote for presiden not the people it is possible that the winner of the electoral vote will not win the nations popular vote.",correct,"Text matches annotation; boundaries on word/punctuation; start 1 chars from supplied offset, consistent with neighbours.",correct,confirmed by user,correct | wrong_location | wrong_boundary | wrong_role | unsure
offset_trimmed,persuade:6481E8B9CD64,persuade-span:74b641acf5b34e1f07fd20d6,Claim,offset_trimmed,1199,1366,1202,1369,3,"To feel as if the president is not on your side, i dont imagine that being any fun, that to me would be like rewarding one child and not the other for the same action. ","t much basis in reality. However the lectoral college, can be unfair. Most arguments in favor of it are mostly assertions without much base reality.

","To feel as if the president is not on your side, i dont imagine that being any fun, that to me would be like rewarding one child and not the other for the same action."," We all are equal, wether by race, color, or age. We are all human, and we demand to be treated equal, if we dont get equal, keep trying until you do.",".

To feel as if the president is not on your side, i dont imagine that being any fun, that to me would be like rewarding one child and not the other for the same actio",correct,"Text matches annotation; boundaries on word/punctuation; start 3 chars from supplied offset, consistent with neighbours.",correct,confirmed by user,correct | wrong_location | wrong_boundary | wrong_role | unsure
offset_trimmed,persuade:0BB0E957B6FE,persuade-span:42371855320d6b5276f2a926,Evidence,offset_trimmed,1595,2108,1598,2111,3,"There Usually selected by the candidates political party , but state laws vary on how the electors are selected and what their responsibilities are. Your states certificates of Ascertainments are sent tot he Congress and the National Archives as part of the offcial records of the presidential election . After the presidential election , your governor prepares a ' Certificate of Ascertainment' listing all of the candidates who ranfor president in your state along with the names of their respective  electors . "," election year .

Last but not least , Let me remind you that each candidate running for president in you state has his or her own group of electors .","There Usually selected by the candidates political party , but state laws vary on how the electors are selected and what their responsibilities are. Your states certificates of Ascertainments are sent tot he Congress and the National Archives as part of the offcial records of the presidential election . After the presidential election , your governor prepares a ' Certificate of Ascertainment' listing all of the candidates who ranfor president in your state along with the names of their respective  electors .",    ,"s .There Usually selected by the candidates political party , but state laws vary on how the electors are selected and what their responsibilities are. Your states certificates of Ascertainments are sent tot he Congress and the National Archives as part of the offcial records of the presidential election . After the presidential election , your governor prepares a ' Certificate of Ascertainment' listing all of the candidates who ranfor president in your state along with the names of their respective  electors",correct,"Text matches annotation; boundaries on word/punctuation; start 3 chars from supplied offset, consistent with neighbours.",correct,confirmed by user,correct | wrong_location | wrong_boundary | wrong_role | unsure
offset_trimmed,persuade:5B38B644790E,persuade-span:5177cc2abeaae7f5ec7bc5cd,Rebuttal,offset_trimmed,1814,1948,1816,1950,2,If the eclectoral college leads to a tie our votes become the tie braker but that method has never been use so why are we even voting? ,"mportant. ""The electoral college avoids the problem of elections in which no candidate recieves a majority of the votes cast."" (Posner, paragraph 22) ",If the eclectoral college leads to a tie our votes become the tie braker but that method has never been use so why are we even voting?," "" It is the electors whyo elect the president, not the people."" (Posner, paragraph 15) Because the electoral college is voting for which ""package"" th",) If the eclectoral college leads to a tie our votes become the tie braker but that method has never been use so why are we even voting,correct,"Text matches annotation; boundaries on word/punctuation; start 2 chars from supplied offset, consistent with neighbours.",correct,confirmed by user,correct | wrong_location | wrong_boundary | wrong_role | unsure
offset_trimmed,persuade:08F75B0D54E8,persuade-span:391ea490da3ba6150d486393,Evidence,offset_trimmed,412,698,415,701,3,"The U.S. wants every person to have equal chance at the election for a president and if about 500 people are voting compared to the millions, it's just unfair to the citizens. In the world now, this process is taking away the freedom of decision or making it seem useless to the people. ","ectorial College more rights than the actually people voting for the President and Vise President. Lastly, it's just down right unfair to the voters. ","The U.S. wants every person to have equal chance at the election for a president and if about 500 people are voting compared to the millions, it's just unfair to the citizens. In the world now, this process is taking away the freedom of decision or making it seem useless to the people."," The Electorial College shouldn't be a process we use for voting.

Most people voting, actually care who is running the country and they took the effo","s. The U.S. wants every person to have equal chance at the election for a president and if about 500 people are voting compared to the millions, it's just unfair to the citizens. In the world now, this process is taking away the freedom of decision or making it seem useless to the peopl",correct,"Text matches annotation; boundaries on word/punctuation; start 3 chars from supplied offset, consistent with neighbours.",correct,confirmed by user,correct | wrong_location | wrong_boundary | wrong_role | unsure
offset_trimmed,persuade:148CA62EF887,persuade-span:b73150b1ed3ede753499ab32,Claim,offset_trimmed,625,683,628,686,3,"the Electoral College is unfair, outdated, and irrational"" ","y choosing him.

Additional, "" The Indefensible Electoral College: Why even the best-laid defense of the system are wrong"" by Bradford Plumer shows "" ","the Electoral College is unfair, outdated, and irrational""",". This can explain the Electoral College is ""unfair to voters because the winner take all system in each sate"" that means candidates can't spend time "," "" the Electoral College is unfair, outdated, and irrationa",correct,"Text matches annotation; boundaries on word/punctuation; start 3 chars from supplied offset, consistent with neighbours.",correct,confirmed by user,correct | wrong_location | wrong_boundary | wrong_role | unsure
offset_trimmed,persuade:961D937626F7,persuade-span:5c2a7d30e1da983c9b1da241,Claim,offset_trimmed,546,779,547,779,1,"The voting system should be done like specificly, because if you setup different things it's not going to work at all. It depends what kind of setups you are making. But I think it's not the good way to make voting system in setups. 
","n of the electors, the meeting of the electors where they vote for President and Vice President, and the counting of the electoral votes by Congress. ","The voting system should be done like specificly, because if you setup different things it's not going to work at all. It depends what kind of setups you are making. But I think it's not the good way to make voting system in setups.","

Each candidate running for president in our state has his or her own of electors. The electors are generally chosen by the candidate's political par"," The voting system should be done like specificly, because if you setup different things it's not going to work at all. It depends what kind of setups you are making. But I think it's not the good way to make voting system in setups.
",correct,"Text matches annotation; boundaries on word/punctuation; start 1 chars from supplied offset, consistent with neighbours.",correct,confirmed by user,correct | wrong_location | wrong_boundary | wrong_role | unsure
offset_trimmed,persuade:5553B03E281F,persuade-span:9ffd0d833282e7e509072ed4,Evidence,offset_trimmed,250,671,251,672,1,"to be known as a good person or a good citizen in your state or anywhere you have to be a great rolemodel & an excellent example to our world. From what i discovered in a passage electoral college is unfair.

who are the electors ? and who picks out the electors ? it dependes on the state. voters sometimes vote for there electores but sometimes the voters get confused on who they voted on. somtimes the wrong candiate. "," way to nominate a president, or any senate for our country.

i strongly agree that we should have the idea of changing it to election by popularity. ","to be known as a good person or a good citizen in your state or anywhere you have to be a great rolemodel & an excellent example to our world. From what i discovered in a passage electoral college is unfair.

who are the electors ? and who picks out the electors ? it dependes on the state. voters sometimes vote for there electores but sometimes the voters get confused on who they voted on. somtimes the wrong candiate.","

yes i do think that people who are running for president and senate should have the right to have a chance to become something big, but in my perspe"," to be known as a good person or a good citizen in your state or anywhere you have to be a great rolemodel & an excellent example to our world. From what i discovered in a passage electoral college is unfair.

who are the electors ? and who picks out the electors ? it dependes on the state. voters sometimes vote for there electores but sometimes the voters get confused on who they voted on. somtimes the wrong candiate.",correct,"Text matches annotation; boundaries on word/punctuation; start 1 chars from supplied offset, consistent with neighbours.",correct,confirmed by user,correct | wrong_location | wrong_boundary | wrong_role | unsure
offset_trimmed,persuade:451D81265E8E,persuade-span:0249b13c01485fbc3d609acc,Evidence,offset_trimmed,2996,3959,3002,3965,6,"Source 3 brings up the fact that no region in the United States has enough electoral votes to elect a president. The ""winner-take-all"" system further benefits this, because in order to win, candidates have to focus their attention on states where their majority vote is insecure. They will not focus on regions where they have essentially secured the majority rule and therefore secured all the electoral votes. In popular vote, they would have to focus extensively on those regions, as the few that are not in the majority would need convincing. Source 3 goes into detail as to why a regionally picked candidate is not a proper show of the will of the people. It states that ""The residents of other regions are likely to feel disenfranchised - to feel that thier votes do not count, that their new preident will have no regard for their interests..."", and so having a trans-regional appeal is essential to properly representing the will of United States citizens ","e party in for president and another for Congress.

In addition, the Electoral College fosters a more nationwide appeal for the candidate's campaign. ","Source 3 brings up the fact that no region in the United States has enough electoral votes to elect a president. The ""winner-take-all"" system further benefits this, because in order to win, candidates have to focus their attention on states where their majority vote is insecure. They will not focus on regions where they have essentially secured the majority rule and therefore secured all the electoral votes. In popular vote, they would have to focus extensively on those regions, as the few that are not in the majority would need convincing. Source 3 goes into detail as to why a regionally picked candidate is not a proper show of the will of the people. It states that ""The residents of other regions are likely to feel disenfranchised - to feel that thier votes do not count, that their new preident will have no regard for their interests..."", and so having a trans-regional appeal is essential to properly representing the will of United States citizens",".

Our Electoral College system should be defended and kept. It has the ability to produce a solid outcome, has flaws but ones that are not more disas","aign. Source 3 brings up the fact that no region in the United States has enough electoral votes to elect a president. The ""winner-take-all"" system further benefits this, because in order to win, candidates have to focus their attention on states where their majority vote is insecure. They will not focus on regions where they have essentially secured the majority rule and therefore secured all the electoral votes. In popular vote, they would have to focus extensively on those regions, as the few that are not in the majority would need convincing. Source 3 goes into detail as to why a regionally picked candidate is not a proper show of the will of the people. It states that ""The residents of other regions are likely to feel disenfranchised - to feel that thier votes do not count, that their new preident will have no regard for their interests..."", and so having a trans-regional appeal is essential to properly representing the will of United States cit",correct,"Text matches annotation; boundaries on word/punctuation; start 6 chars from supplied offset, consistent with neighbours.",correct,confirmed by user,correct | wrong_location | wrong_boundary | wrong_role | unsure
offset_trimmed,persuade:F146498328DC,persuade-span:a252fab855ce49d75700627c,Evidence,offset_trimmed,1187,1712,1192,1717,5,"The winner-takes-all system is unfair because the candidates dont spend time on those states that have no chance of winning, but relies on the states that can win. 17 states including  Rhode Island and North Carolina dont even get to see the candidate because they are states that have no chance of winning. Also 25 large media markets dont even get to see a campaign ad because the candidates dont bother to but one up. The fate of the presidency is in the hands of a few voters in ohio which is just unfair to other states. ","ons, or even by presidential candidates themselves.

The winner-takes-all syestem can be very unfair to some states who want to vote for a candidate. ","The winner-takes-all system is unfair because the candidates dont spend time on those states that have no chance of winning, but relies on the states that can win. 17 states including  Rhode Island and North Carolina dont even get to see the candidate because they are states that have no chance of winning. Also 25 large media markets dont even get to see a campaign ad because the candidates dont bother to but one up. The fate of the presidency is in the hands of a few voters in ohio which is just unfair to other states.","

I believe that the Electoral College is unfair because they have done many wrong things that can effect other states and the vote system for a very ","ate. The winner-takes-all system is unfair because the candidates dont spend time on those states that have no chance of winning, but relies on the states that can win. 17 states including  Rhode Island and North Carolina dont even get to see the candidate because they are states that have no chance of winning. Also 25 large media markets dont even get to see a campaign ad because the candidates dont bother to but one up. The fate of the presidency is in the hands of a few voters in ohio which is just unfair to other sta",correct,"Text matches annotation; boundaries on word/punctuation; start 5 chars from supplied offset, consistent with neighbours.",correct,confirmed by user,correct | wrong_location | wrong_boundary | wrong_role | unsure
offset_trimmed,persuade:3C1F9041C565,persuade-span:073610f3f77c1f065d8d7b03,Claim,offset_trimmed,3038,3094,3040,3096,2,This method of voting is curupt and should be abolished. ,"n turn, elect the president. For instance, if you wanted to vote for a specific person you would vote for a slate of electors pledged to that person. ",This method of voting is curupt and should be abolished., The people in American should consider themselves lucky that the 2000 fiasco was the largest election crisis in a century; the system could have lead,. This method of voting is curupt and should be abolished,correct,"Text matches annotation; boundaries on word/punctuation; start 2 chars from supplied offset, consistent with neighbours.",correct,confirmed by user,correct | wrong_location | wrong_boundary | wrong_role | unsure
offset_trimmed,persuade:0FADC137B8B7,persuade-span:b81ed0022449cc96c76fbfed,Concluding Statement,offset_trimmed,2453,2883,2456,2883,3,"To conclude all of the reasonings of arguing to change election to popular vote for the president of the U.S which are the sensation of unification, direction, and freedom, I'd be obliged to state that this is just one thing that finally unifies and brings the U.S's people together. Those three senses that this gives us is a seemingly small, yet great difference. And even though most don't realize it, it's definitely there.    ","ns like these? It would. All of these things bring us together more than we might even think, whether its families, friends, or just us as a nation.

","To conclude all of the reasonings of arguing to change election to popular vote for the president of the U.S which are the sensation of unification, direction, and freedom, I'd be obliged to state that this is just one thing that finally unifies and brings the U.S's people together. Those three senses that this gives us is a seemingly small, yet great difference. And even though most don't realize it, it's definitely there.",    ,".

To conclude all of the reasonings of arguing to change election to popular vote for the president of the U.S which are the sensation of unification, direction, and freedom, I'd be obliged to state that this is just one thing that finally unifies and brings the U.S's people together. Those three senses that this gives us is a seemingly small, yet great difference. And even though most don't realize it, it's definitely there. ",correct,"Text matches annotation; boundaries on word/punctuation; start 3 chars from supplied offset, consistent with neighbours.",correct,confirmed by user,correct | wrong_location | wrong_boundary | wrong_role | unsure
offset_trimmed,persuade:2B8374B25171,persuade-span:0df2c7c495c443bd17ea2ed6,Rebuttal,offset_trimmed,1679,1782,1683,1786,4,The possitive things they mention about the Electoral Collage are small compared to the issues with it. ," more safe to just let the citizens to just strait up vote. In source 3, It tries to tell you all the possitive things about the Electoral Collage... ",The possitive things they mention about the Electoral Collage are small compared to the issues with it.," The Electoral Collage is outdated and needs to be taken off. It is just unfair now.

thanks, Anonymous...                                     ",... The possitive things they mention about the Electoral Collage are small compared to the issues with ,correct,"Text matches annotation; boundaries on word/punctuation; start 4 chars from supplied offset, consistent with neighbours.",correct,confirmed by user,correct | wrong_location | wrong_boundary | wrong_role | unsure
offset_trimmed,persuade:917F5CAE3BB5,persuade-span:2fdd3a18ad10ba79852dfa12,Claim,offset_trimmed,1534,1798,1535,1799,1,"Now, what about the bigger states versus the smaller states? We all know that the larger the population in one state, the more representatives they have, and the smaller the population, well...they get the shorter end of the stick usually, especially in this case. ","un this country, the ones who know the real problems going on. Politics is only fortune to politicists; Politics is an opportunity for change to Us.

","Now, what about the bigger states versus the smaller states? We all know that the larger the population in one state, the more representatives they have, and the smaller the population, well...they get the shorter end of the stick usually, especially in this case."," When a tie occurs among the vote of electors, it is the House of Representatives' job to fix that and make a vote for themselves. This means that the","
Now, what about the bigger states versus the smaller states? We all know that the larger the population in one state, the more representatives they have, and the smaller the population, well...they get the shorter end of the stick usually, especially in this case.",correct,"Text matches annotation; boundaries on word/punctuation; start 1 chars from supplied offset, consistent with neighbours.",correct,confirmed by user,correct | wrong_location | wrong_boundary | wrong_role | unsure
offset_trimmed,persuade:CC5894978F31,persuade-span:86ed0ada232f8e0fa20fd53b,Counterclaim,offset_trimmed,2833,2908,2834,2909,1,"In the same paragraph, me mentions how an Electoral tie is highly unlikely- "," to do with a close vote in the Electoral College, and everything to do with what is wrong with this winner-take-all system, being the 2000 election. ","In the same paragraph, me mentions how an Electoral tie is highly unlikely-", as if a tie between the millions of US citizens is. His reason #5 can be easily solved by simply giving the presidency to the candidate who receives ," In the same paragraph, me mentions how an Electoral tie is highly unlikely-",correct,"Text matches annotation; boundaries on word/punctuation; start 1 chars from supplied offset, consistent with neighbours.",correct,confirmed by user,correct | wrong_location | wrong_boundary | wrong_role | unsure
offset_trimmed,persuade:8170BE912389,persuade-span:004b860caeaac3db56c32712,Counterclaim,offset_trimmed,1236,1341,1238,1343,2,Yes people may say that without the electoral college favoritism may appear in certain states and places. ,"t is the electors who elect the president, not the people."" That sentence proves to you that the people are incontrol of voting for their president.

",Yes people may say that without the electoral college favoritism may appear in certain states and places.," There is absolutely nothing wrong with that! There may be more voters for one candidate in a certain place, but as long as the people voted for whom ","

Yes people may say that without the electoral college favoritism may appear in certain states and places",correct,"Text matches annotation; boundaries on word/punctuation; start 2 chars from supplied offset, consistent with neighbours.",correct,confirmed by user,correct | wrong_location | wrong_boundary | wrong_role | unsure
offset_trimmed,persuade:91EDDCB68A9E,persuade-span:2da7033ecdd4da549ce31674,Position,offset_trimmed,194,553,195,554,1,"The thing is the president shouldnt be picked on his personality or his or hers past, they should be judged by the changes they can make and how they can make it better for the people on the out side world. they shouldnt be voted by the fancy no good stuck ups in the office 24/7 bc half the time they dont know good, i mean look at the president we have now. ",ace. The founding fathers established it in the constitution as comprimise between election of the president by a popular vote of qualified citizens. ,"The thing is the president shouldnt be picked on his personality or his or hers past, they should be judged by the changes they can make and how they can make it better for the people on the out side world. they shouldnt be voted by the fancy no good stuck ups in the office 24/7 bc half the time they dont know good, i mean look at the president we have now.","

The process consists of the section of the electors, which they vote president or vice president. under the Electoral collage system voters vote not"," The thing is the president shouldnt be picked on his personality or his or hers past, they should be judged by the changes they can make and how they can make it better for the people on the out side world. they shouldnt be voted by the fancy no good stuck ups in the office 24/7 bc half the time they dont know good, i mean look at the president we have now.",correct,"Text matches annotation; boundaries on word/punctuation; start 1 chars from supplied offset, consistent with neighbours.",correct,confirmed by user,correct | wrong_location | wrong_boundary | wrong_role | unsure
offset_trimmed,persuade:0428DEB82659,persuade-span:5bbdba116f45ca10c11b70e8,Unannotated,offset_trimmed,2176,2186,2179,2188,3,"source 3)

",anr a express a political preference rather than people who want to think that their ine singal vote will decide the over-all winner of the election.(,source 3),"

When chossing a president remember that your one vote will not have a great effect on who is president but the electoral college does. Having both p",n.(source 3,correct,"Text matches annotation; boundaries on word/punctuation; start 3 chars from supplied offset, consistent with neighbours.",correct,confirmed by user,correct | wrong_location | wrong_boundary | wrong_role | unsure
offset_trimmed,persuade:1808AE99FB5E,persuade-span:2923100967e74ff8068e569f,Evidence,offset_trimmed,2440,2657,2443,2660,3,"So I can most certainly agree with what previous people and groups have said before such as Richard Nixon, Jimmy Carter, Bob Dole, the U.S Chamber of Commerance, and the AFL-CIO.... To get rid of the Electoral College ",d for us. It is not truely fair to have the majority of popular votes on one canidate and still that canidate does not win due the Electoral College. ,"So I can most certainly agree with what previous people and groups have said before such as Richard Nixon, Jimmy Carter, Bob Dole, the U.S Chamber of Commerance, and the AFL-CIO.... To get rid of the Electoral College",.               ,"e. So I can most certainly agree with what previous people and groups have said before such as Richard Nixon, Jimmy Carter, Bob Dole, the U.S Chamber of Commerance, and the AFL-CIO.... To get rid of the Electoral Colle",correct,"Text matches annotation; boundaries on word/punctuation; start 3 chars from supplied offset, consistent with neighbours.",correct,confirmed by user,correct | wrong_location | wrong_boundary | wrong_role | unsure
offset_trimmed,persuade:AD005493F9BF,persuade-span:b61940143ef4720a0f5a3700,Evidence,offset_trimmed,4008,5466,4009,5467,1,"States that are considered ""Toss Ups"" are selfishly awarded the system named ""Winner-Takes-All"" due to how they apparently pay closer attention to the campaign. In the article

What Is The Electotal College by the office of the Federal Register, the method is first introduced in paragraph 7. Stating that the purpose of the ""Winner-Take-All"" system is not only,but to award all electors to the winning canadidate. It is said to be unrelaible and untrustworthy due to it's focus on states that appear t have more attention towards the election. On a more basic level, some states such as Rhode Island and South Carolina had not even witness the campaign and even leaving a few voters to have no say. Going back to the misunderstanding of the election of Romney,the country wittnessed an iresponsible canadidate that had ran for president. With the unreliable ridiculous system ""Winner-Take-All"" some states may or may not have even experienced how Romney had acted and his intentions towards the elections and the campiagn. With very little knowledge of the presidential canadidate and with limitations of voting and campaign ads, there is very little trust given towards the election process especially with more than a few states that are not being taken very seriously, with very little say. If the Electorial College could give off more information and more become more reliable towards all states, the process would be less sinister and more apreciated. "," of itself.

There is very little equality when it comes to elections especially, when the states are giving an unreliable system to choose for them. ","States that are considered ""Toss Ups"" are selfishly awarded the system named ""Winner-Takes-All"" due to how they apparently pay closer attention to the campaign. In the article

What Is The Electotal College by the office of the Federal Register, the method is first introduced in paragraph 7. Stating that the purpose of the ""Winner-Take-All"" system is not only,but to award all electors to the winning canadidate. It is said to be unrelaible and untrustworthy due to it's focus on states that appear t have more attention towards the election. On a more basic level, some states such as Rhode Island and South Carolina had not even witness the campaign and even leaving a few voters to have no say. Going back to the misunderstanding of the election of Romney,the country wittnessed an iresponsible canadidate that had ran for president. With the unreliable ridiculous system ""Winner-Take-All"" some states may or may not have even experienced how Romney had acted and his intentions towards the elections and the campiagn. With very little knowledge of the presidential canadidate and with limitations of voting and campaign ads, there is very little trust given towards the election process especially with more than a few states that are not being taken very seriously, with very little say. If the Electorial College could give off more information and more become more reliable towards all states, the process would be less sinister and more apreciated.","

There are many more other factors in which the Electorial College must be changed to meet the appropriate dilemas and needs of the voters and their "," States that are considered ""Toss Ups"" are selfishly awarded the system named ""Winner-Takes-All"" due to how they apparently pay closer attention to the campaign. In the article

What Is The Electotal College by the office of the Federal Register, the method is first introduced in paragraph 7. Stating that the purpose of the ""Winner-Take-All"" system is not only,but to award all electors to the winning canadidate. It is said to be unrelaible and untrustworthy due to it's focus on states that appear t have more attention towards the election. On a more basic level, some states such as Rhode Island and South Carolina had not even witness the campaign and even leaving a few voters to have no say. Going back to the misunderstanding of the election of Romney,the country wittnessed an iresponsible canadidate that had ran for president. With the unreliable ridiculous system ""Winner-Take-All"" some states may or may not have even experienced how Romney had acted and his intentions towards the elections and the campiagn. With very little knowledge of the presidential canadidate and with limitations of voting and campaign ads, there is very little trust given towards the election process especially with more than a few states that are not being taken very seriously, with very little say. If the Electorial College could give off more information and more become more reliable towards all states, the process would be less sinister and more apreciated.",correct,"Text matches annotation; boundaries on word/punctuation; start 1 chars from supplied offset, consistent with neighbours.",correct,confirmed by user,correct | wrong_location | wrong_boundary | wrong_role | unsure
offset_trimmed,persuade:0ED7102ED5B3,persuade-span:5b797896366cc3f8f11daeb5,Claim,offset_trimmed,340,439,341,440,1,I dont think we really need to change this rule. Because sometimes its best to keep things the same ,"his is the right choice. If we demolish the Electroal College then voting really wouldn't be fair. Because some states have more people than others.

",I dont think we really need to change this rule. Because sometimes its best to keep things the same,. Its been going on for about 200 years. There hasn't been too many things that have gone wrong with it. Yes there has been troubles in the past. But ,"
I dont think we really need to change this rule. Because sometimes its best to keep things the same",correct,"Text matches annotation; boundaries on word/punctuation; start 1 chars from supplied offset, consistent with neighbours.",correct,confirmed by user,correct | wrong_location | wrong_boundary | wrong_role | unsure
offset_trimmed,persuade:18EAB669FDE2,persuade-span:80ed10b611f0a32832a63048,Claim,offset_trimmed,155,246,156,247,1,we would have cheated every president that was elected during the time of electoral college ,"enator

Electoral college is a huge part of history we've used electoral college for many many years and getting rid of it now would be wrong because ",we would have cheated every president that was elected during the time of electoral college,". If we got rid of the electoral college the presidents after electoral college would be elected differently than other presidents, people who have vo", we would have cheated every president that was elected during the time of electoral college,correct,"Text matches annotation; boundaries on word/punctuation; start 1 chars from supplied offset, consistent with neighbours.",correct,confirmed by user,correct | wrong_location | wrong_boundary | wrong_role | unsure
offset_trimmed,persuade:FF5969F5A2EB,persuade-span:a7a64c24334026584b3340c5,Evidence,offset_trimmed,1674,2012,1677,2015,3,"Source #2 paragraph 9 , it says; ""...

Al Gore- thanks to the quirks of the electoral college-won the poular vote but lost the presidency...

"" If the people's favorite candidate wins the popular vote, a vote representing the country's citezens, but loses the election because of the Electoral College then the system is unfair to voters. ","er party for president?

My final reason to get rid of the Electoral College is that a candidate can win the popular vote, but lose the election. In

","Source #2 paragraph 9 , it says; ""...

Al Gore- thanks to the quirks of the electoral college-won the poular vote but lost the presidency...

"" If the people's favorite candidate wins the popular vote, a vote representing the country's citezens, but loses the election because of the Electoral College then the system is unfair to voters.","

People supporting the Electoral College may say like in

Source #3 paragraph 19 , ""

The Electoral College requires a presidential candidate to have","n

Source #2 paragraph 9 , it says; ""...

Al Gore- thanks to the quirks of the electoral college-won the poular vote but lost the presidency...

"" If the people's favorite candidate wins the popular vote, a vote representing the country's citezens, but loses the election because of the Electoral College then the system is unfair to voter",correct,"Text matches annotation; boundaries on word/punctuation; start 3 chars from supplied offset, consistent with neighbours.",correct,confirmed by user,correct | wrong_location | wrong_boundary | wrong_role | unsure
offset_trimmed,persuade:28C1E6A5576E,persuade-span:a9352a8ecbe34893e644a711,Claim,offset_trimmed,369,459,369,459,0,Those people that work that process just go to places that they know they will get a vote. ,"e, the there will never be a way where when everyone will get the chance to vote. The Electoral College is very unfair for not letting everyone vote. ",Those people that work that process just go to places that they know they will get a vote.,"

Also, the Electoral College should change the election by poplular vote for the president of the United States because, when choosing your's elctors","Those people that work that process just go to places that they know they will get a vote.
",correct,"Text matches annotation; boundaries on word/punctuation; start 0 chars from supplied offset, consistent with neighbours.",correct,confirmed by user,correct | wrong_location | wrong_boundary | wrong_role | unsure
offset_trimmed,persuade:8B64BA63E623,persuade-span:7d51dd87d2030f34e97eca7e,Position,offset_trimmed,247,316,246,314,-1,"I believe that the popular vote should descide who is the president. 
","l college or by popular vote is going around my school for the past couple of weeks, and i can't help but to give my own opinion about this argument. ",I believe that the popular vote should descide who is the president.,"

I believe this because of two reasons. One, the citizens are the ones that are going to have to deal with this good or bad president for four years "," believe that the popular vote should descide who is the president.

I",correct,"Text matches annotation; boundaries on word/punctuation; start -1 chars from supplied offset, consistent with neighbours.",correct,confirmed by user,correct | wrong_location | wrong_boundary | wrong_role | unsure
offset_trimmed,persuade:EFD083A64487,persuade-span:16f48564c255bbe7770c9ec1,Evidence,offset_trimmed,665,863,667,865,2,"Popular votes was something they all had in mind when choosing the president. It was shown the 60% of voters would prefer a direct election, than having the electoral college. That's more than half! ","od is too outdated.

Richard Nixon, Jimmy Carter, Bob Dole, and the U.S. Chamber of Commerce have all agreeded that to abolish the electoral college. ","Popular votes was something they all had in mind when choosing the president. It was shown the 60% of voters would prefer a direct election, than having the electoral college. That's more than half!","

The best argument against it, is the the disaster factor. From this, the system keeps allowing worse and worse things every year. In the Electoral C",". Popular votes was something they all had in mind when choosing the president. It was shown the 60% of voters would prefer a direct election, than having the electoral college. That's more than half",correct,"Text matches annotation; boundaries on word/punctuation; start 2 chars from supplied offset, consistent with neighbours.",correct,confirmed by user,correct | wrong_location | wrong_boundary | wrong_role | unsure
offset_trimmed,persuade:2B4A794ED0D8,persuade-span:4cda00f632a3be8ee8a3eae4,Evidence,offset_trimmed,1746,1858,1749,1861,3,"and the election would br thrown to the house of representatives, where state delegations vote on the president. ","at state legislatures are technically responsible for picking electtors.

perhaps most worrying thing is the prospect of a tie in the electoral vote. ","and the election would br thrown to the house of representatives, where state delegations vote on the president.","

at the most basic level, the electoral collage is unfair to voters. because of the winner-take-all system in eavh state, bcandiadates dont spend tim","e. and the election would br thrown to the house of representatives, where state delegations vote on the presiden",correct,"Text matches annotation; boundaries on word/punctuation; start 3 chars from supplied offset, consistent with neighbours.",correct,confirmed by user,correct | wrong_location | wrong_boundary | wrong_role | unsure
offset_trimmed,persuade:B43C1055C489,persuade-span:c0b34b1f71799d439ef49872,Concluding Statement,offset_trimmed,2054,2249,2058,2250,4,We dont need to change because of things that happened in 2000 or 1960. Its 2015 and we dont need a change to our way of deciding the president. Theres no reasonto changing it to popular vote.    ,"he legislature nearly succeded in replacing the demacratic electors, and the worst being that it ends up in a tie. Things have happened in the past.

",We dont need to change because of things that happened in 2000 or 1960. Its 2015 and we dont need a change to our way of deciding the president. Theres no reasonto changing it to popular vote.,    ,"t.

We dont need to change because of things that happened in 2000 or 1960. Its 2015 and we dont need a change to our way of deciding the president. Theres no reasonto changing it to popular vote.",correct,"Text matches annotation; boundaries on word/punctuation; start 4 chars from supplied offset, consistent with neighbours.",correct,confirmed by user,correct | wrong_location | wrong_boundary | wrong_role | unsure
offset_trimmed,persuade:8071DCB0328D,persuade-span:3c79f8a752d884e723ffeef8,Claim,offset_trimmed,217,237,217,237,0,it could cause a tie ,"longs in the past and should not decide who are president is going to be anymore because its not who the majority of people really want to be leading,",it could cause a tie,",and its unfair to voters.

Abolishing the electoral college has been a thing people have wanted gone for some time. Because of the electoral college ","it could cause a tie,",correct,"Text matches annotation; boundaries on word/punctuation; start 0 chars from supplied offset, consistent with neighbours.",correct,confirmed by user,correct | wrong_location | wrong_boundary | wrong_role | unsure
offset_trimmed,persuade:51FC77F6D507,persuade-span:2c7ee28a9f4c1741c1cfc934,Position,offset_trimmed,158,333,158,333,0,The electoral college is definitely the best way to pick a candidate without much confusion. The electoral college may have some down falls too but the benefits out weigh them ,"ir,both the electoral college and a popular vote are good ways to decide an election. Although,a popular vote may have more pitfalls than the latter. ",The electoral college is definitely the best way to pick a candidate without much confusion. The electoral college may have some down falls too but the benefits out weigh them,".

A popular vote also has some benefits. In Richard A. Posner's passage

In Defence of the Electoral College he states,""The electoral college is not ",The electoral college is definitely the best way to pick a candidate without much confusion. The electoral college may have some down falls too but the benefits out weigh them.,correct,"Text matches annotation; boundaries on word/punctuation; start 0 chars from supplied offset, consistent with neighbours.",correct,confirmed by user,correct | wrong_location | wrong_boundary | wrong_role | unsure
offset_trimmed,persuade:0D11CD49499E,persuade-span:2fd6c3df76c76b2ad13a2b41,Unannotated,offset_trimmed,972,975,975,978,3,... ,"t-laid defenses of the system are wrong mentions ""The single best argument against the Electoral College is what we might call the 'Disaster Factor.' ",...," Back in 1960, segregationist in the Lousiana legislature nearly succeeded in replacing the Democratic electors with new electors who would oppose Joh",.' .,correct,"Text matches annotation; boundaries on word/punctuation; start 3 chars from supplied offset, consistent with neighbours.",correct,confirmed by user,correct | wrong_location | wrong_boundary | wrong_role | unsure
offset_trimmed,persuade:8AEDFCDF7246,persuade-span:000f874a32515fc1e87276ca,Evidence,offset_trimmed,238,576,239,577,1,"The electoral college votes for the president based on what the people from the state vote on. "" Under the electoral college system, voters vote not for the president , but for a slate of electors, who in turn elect the president."" so in other words you may vote for someone but it's all upon the electors to discide who wins the election ","One, the electoral college are the people chosen by the candidate that are running for president and are made of House of Representatives and Senate. ","The electoral college votes for the president based on what the people from the state vote on. "" Under the electoral college system, voters vote not for the president , but for a slate of electors, who in turn elect the president."" so in other words you may vote for someone but it's all upon the electors to discide who wins the election",". another thing that is wrong with the electoral college is we don't was vote for our electors. At the most basic level, the electoral college is unfa"," The electoral college votes for the president based on what the people from the state vote on. "" Under the electoral college system, voters vote not for the president , but for a slate of electors, who in turn elect the president."" so in other words you may vote for someone but it's all upon the electors to discide who wins the election",correct,"Text matches annotation; boundaries on word/punctuation; start 1 chars from supplied offset, consistent with neighbours.",correct,confirmed by user,correct | wrong_location | wrong_boundary | wrong_role | unsure
offset_trimmed,persuade:86BB3D5BA612,persuade-span:2a5bf22f4fd733ea9bcd631d,Evidence,offset_trimmed,511,1226,513,1228,2,"We vote for who WE want, not for some other guy to say what we want. Voters want THEIR voice to be heard when they vote not someone else's. When we vote for a presidential candidate we want to vote directly for who we are voting, we want to pick who we want directly. In source 2 the article explains how the Electoral College works. The author says ""Under the electoral college system, voters vote not for the president, but for a state of electors, who in turn elect the president."" What this means is that when you voted for Obama you didn't vote for Obama , you voted for a group of people to vote for who they wanted. So your voice was not heard. Don't you find that unfair to the voters and to the candidates? "," doesn't rely on what the people say and it can sometimes really make the public mad.

The Electoral College is really unfair, especially for voters. ","We vote for who WE want, not for some other guy to say what we want. Voters want THEIR voice to be heard when they vote not someone else's. When we vote for a presidential candidate we want to vote directly for who we are voting, we want to pick who we want directly. In source 2 the article explains how the Electoral College works. The author says ""Under the electoral college system, voters vote not for the president, but for a state of electors, who in turn elect the president."" What this means is that when you voted for Obama you didn't vote for Obama , you voted for a group of people to vote for who they wanted. So your voice was not heard. Don't you find that unfair to the voters and to the candidates?","

Everytime one person votes for a certain presidential candidate, they are basically ignored. The President should be chosen by the people! And at th",". We vote for who WE want, not for some other guy to say what we want. Voters want THEIR voice to be heard when they vote not someone else's. When we vote for a presidential candidate we want to vote directly for who we are voting, we want to pick who we want directly. In source 2 the article explains how the Electoral College works. The author says ""Under the electoral college system, voters vote not for the president, but for a state of electors, who in turn elect the president."" What this means is that when you voted for Obama you didn't vote for Obama , you voted for a group of people to vote for who they wanted. So your voice was not heard. Don't you find that unfair to the voters and to the candidates",correct,"Text matches annotation; boundaries on word/punctuation; start 2 chars from supplied offset, consistent with neighbours.",correct,confirmed by user,correct | wrong_location | wrong_boundary | wrong_role | unsure
offset_trimmed,persuade:B38B82E3F538,persuade-span:3cec8fcd0971697c49fc0abb,Counterclaim,offset_trimmed,1814,1908,1820,1914,6,The Electoral College is unfair to voters because of the winner-takes-all system in each state ,"ould have to  be a tie in the electoral vote , in case the election would be thrown to the House of representatives were they vote on the president.

",The Electoral College is unfair to voters because of the winner-takes-all system in each state,". Candidates don't spend enough time in states they know they probably don't have a chance at winning so they focus only on the tight race in the ""swi","ent.

The Electoral College is unfair to voters because of the winner-takes-all system in each ",correct,"Text matches annotation; boundaries on word/punctuation; start 6 chars from supplied offset, consistent with neighbours.",correct,confirmed by user,correct | wrong_location | wrong_boundary | wrong_role | unsure
sequence_unique,persuade:8FE2640ACE99,persuade-span:d4d5ae60c99fbc06117c06b8,Unannotated,sequence_unique,382,383,383,385,1,o ,"na end up chooseing it them selfes. in the passage it said that, the electoral college is made up of 538 electors and only the majority vote is 270. S",o ,i dont understand why they thousand of people to vote if their vote doesnt really mater its what senators choose overall. i think it would be fair if ,So,wrong_boundary,"SOURCE ARTEFACT, not a recovery error: gap row is a word fragment (adjacent labelled span owns the rest of the word). Harmless if Unannotated is excluded from evaluation.",wrong_boundary,confirmed by user,correct | wrong_location | wrong_boundary | wrong_role | unsure
sequence_unique,persuade:DB6025F937EA,persuade-span:817465c395910cc4651571a0,Unannotated,sequence_unique,2110,2111,2112,2114,2,o ,eeded in replacing the Democratic electors with new electors who would oppose John F. Kennedy. So that vote would not have actually gone to Kennedy. S,o ,the Electors are not as reliable as everyone thought. Some Electors have also refused to to vote for there parties canidate. My honest opinion is to j, S,wrong_boundary,"SOURCE ARTEFACT, not a recovery error: gap row is a word fragment (adjacent labelled span owns the rest of the word). Harmless if Unannotated is excluded from evaluation.",wrong_boundary,confirmed by user,correct | wrong_location | wrong_boundary | wrong_role | unsure
sequence_unique,persuade:F5AF925324E7,persuade-span:60f308f8e960d56bb2e93de2,Unannotated,sequence_unique,177,180,178,182,1,and ,"n, citizens soon start to realize that their word doesn't matter. The Electoral College are the voters that mean more to the presidential candidates, ",and ,it is a disrespectful system to be the face of our ways of democracy. In these sources citizens and governors want to abolish this system of voting an, and,correct,"Text matches annotation; boundaries on word/punctuation; start 1 chars from supplied offset, consistent with neighbours.",correct,confirmed by user,correct | wrong_location | wrong_boundary | wrong_role | unsure
sequence_unique,persuade:E26A84252465,persuade-span:e48aaf7d1867e149296b2149,Unannotated,sequence_unique,1171,1173,1174,1177,3,nd ," the tight races on the ""swing"" states"", this means that in some states one candidate might have a better chance of winning than the other candidate a",nd ,even though a candidate is at disadvantage because the other takes all the votes because of the electoral college that candidate might win and the peo,e a,wrong_boundary,"SOURCE ARTEFACT, not a recovery error: gap row is a word fragment (adjacent labelled span owns the rest of the word). Harmless if Unannotated is excluded from evaluation.",wrong_boundary,confirmed by user,correct | wrong_location | wrong_boundary | wrong_role | unsure
sequence_unique,persuade:F186ACA75002,persuade-span:e1b048ae0e45e4684f4267c8,Unannotated,sequence_unique,591,594,590,594,-1,and ,"ion of the President by a popular vote of qualified citizens.'My reasons for this is because electoral college can be helpful,have people to rethink, ",and ,understandable.Many people thing of electoral college as torchure or even the wrong way to vote.Electoral college have different ways and similar ways,nd u,correct,"Text matches annotation; boundaries on word/punctuation; start -1 chars from supplied offset, consistent with neighbours.",correct,confirmed by user,correct | wrong_location | wrong_boundary | wrong_role | unsure
sequence_unique,persuade:F97EF0C23821,persuade-span:c0d1aba864d4fbb4c0451d72,Unannotated,sequence_unique,854,855,855,857,1,. ,"eover, in source number 2, Bradford Plumer states, ""The single best arguement against the electoral college is what we might call the diaster factor..",. ,"state legislatures are technically responsible for picking electors, and that those electors could always defy the will of the people...electors have ",..,correct,"Text matches annotation; boundaries on word/punctuation; start 1 chars from supplied offset, consistent with neighbours.",correct,confirmed by user,correct | wrong_location | wrong_boundary | wrong_role | unsure
sequence_unique,persuade:312812841AB3,persuade-span:cbd9a663762117b260b67948,Unannotated,sequence_unique,1241,1243,1242,1245,1,!! ,lly have no idea of whats going on in their country but i promise you we wont fool around and compirmise the whole system beliving in our own belifes!,!! ,these fancy bosos mignht thuink they know what their doung but they really dont there just a bunch money thisrty pigs and it isnt fair to the people t,!!!,correct,"Text matches annotation; boundaries on word/punctuation; start 1 chars from supplied offset, consistent with neighbours.",correct,confirmed by user,correct | wrong_location | wrong_boundary | wrong_role | unsure
sequence_unique,persuade:FB07A07B9082,persuade-span:ab11c39a9a96716ceed6163c,Unannotated,sequence_unique,2415,2417,2418,2421,3,!  ,"the electoral college.""

People might say that the college might help keep out trouble in the voting but let me tell you something, YOU'RE WRONG!!!!!!",!  ,"The electoral college is the main reason that this country is such a mess!  They vote for the wrong candidates because they want their own way.

In co",!!!,correct,"Text matches annotation; boundaries on word/punctuation; start 3 chars from supplied offset, consistent with neighbours.",correct,confirmed by user,correct | wrong_location | wrong_boundary | wrong_role | unsure
sequence_unique,persuade:C65C1B3AA577,persuade-span:c8a50a26bc6feebb1df6840e,Unannotated,sequence_unique,367,370,369,373,2,and ,e quote above people really don't like the Electoral College. This would be a very wise decision because the Electoral College is very old and unfair ,and ,"it cause many crisis to happened.

First and foremost the Electoral College is very old.

It states in the article ""Source 2: The Indefensible Elector",r an,correct,"Text matches annotation; boundaries on word/punctuation; start 2 chars from supplied offset, consistent with neighbours.",correct,confirmed by user,correct | wrong_location | wrong_boundary | wrong_role | unsure
sequence_unique,persuade:A1B2F28757E3,persuade-span:f7d3586d29c30a0a0c29f5ff,Unannotated,sequence_unique,1514,1515,1518,1520,4,o ," the hands of an adult who cant spell his own name. Someone ike that has as much power as a guy who has watched every debate, and has done research. S",o ,"by voting for a democrate elector, your state will vote for a democratic president, if your state votes in a republican elector, then your state will ",h.,wrong_boundary,"SOURCE ARTEFACT, not a recovery error: gap row is a word fragment (adjacent labelled span owns the rest of the word). Harmless if Unannotated is excluded from evaluation.",wrong_boundary,confirmed by user,correct | wrong_location | wrong_boundary | wrong_role | unsure
sequence_unique,persuade:1FAD2EA2E1C7,persuade-span:80b07150516e5a80199a7167,Unannotated,sequence_unique,604,607,606,610,2,and ,"d are the following: the idea of having the electoral college is simply unfair to the people, many people worry that there will be a tie in the vote, ",and ,"candidates do not spend any time in the state that they know will not win.

The electoral college is simply unfair to the people. Over sixty percent o",", an",correct,"Text matches annotation; boundaries on word/punctuation; start 2 chars from supplied offset, consistent with neighbours.",correct,confirmed by user,correct | wrong_location | wrong_boundary | wrong_role | unsure
sequence_unique,persuade:D4A3E7EC982E,persuade-span:5b18ecbe285513b297ea4b67,Unannotated,sequence_unique,239,241,241,244,2,nd , the electoral college and opposing it. I personally like the idea of having the people themselves vote because the electors could change their mind a,nd ,because it makes more sense to just vote for who you think should be president. As of right now i dont really care if it changes or not because i dont, an,wrong_boundary,"SOURCE ARTEFACT, not a recovery error: gap row is a word fragment (adjacent labelled span owns the rest of the word). Harmless if Unannotated is excluded from evaluation.",wrong_boundary,confirmed by user,correct | wrong_location | wrong_boundary | wrong_role | unsure
sequence_unique,persuade:8F899DE6880E,persuade-span:8e3702e276d309b2d92e8a03,Unannotated,sequence_unique,310,312,311,314,1,nd ," most argue that the Electoral College is a violation of freedom, I strongly believe that the Electoral College premotes equality for the candidates a",nd ,"the people.

By using the Electoral College system, we create an equal playing field for the candidates. For example, The Electoral College system ser",and,wrong_boundary,"SOURCE ARTEFACT, not a recovery error: gap row is a word fragment (adjacent labelled span owns the rest of the word). Harmless if Unannotated is excluded from evaluation.",wrong_boundary,confirmed by user,correct | wrong_location | wrong_boundary | wrong_role | unsure
sequence_unique,persuade:6B4829C2E5E2,persuade-span:0df4950b041de1463322c77e,Unannotated,sequence_unique,186,189,188,192,2,and ,"ral College when it comes to voting for the president. They try to evenly distribute the votes with every state, they don't favor certain candidates, ",and ,they're better trained for voting. Overall the Electoral College tries to keeps things fair for everyone. The Electoral College so far hasn't made a b,", an",correct,"Text matches annotation; boundaries on word/punctuation; start 2 chars from supplied offset, consistent with neighbours.",correct,confirmed by user,correct | wrong_location | wrong_boundary | wrong_role | unsure
sequence_unique,persuade:08F75B0D54E8,persuade-span:27e985e706751b416e5aa267,Unannotated,sequence_unique,410,411,413,415,3,. ,"Electorial College more rights than the actually people voting for the President and Vise President. Lastly, it's just down right unfair to the voters",. ,"The U.S. wants every person to have equal chance at the election for a president and if about 500 people are voting compared to the millions, it's jus",er,correct,"Text matches annotation; boundaries on word/punctuation; start 3 chars from supplied offset, consistent with neighbours.",correct,confirmed by user,correct | wrong_location | wrong_boundary | wrong_role | unsure
offset_exact_control,persuade:4B6343C4BF5B,persuade-span:ef1d4e64b530824fe2c2a6e2,Claim,inclusive_exact,961,1058,961,1059,0,another con in the electoral college system is that the same fiasco in 2000 will break out again. ,son asme its not really even final becuase that vote doesnt go towards the president it goes toward the state elector and its basically there choice. ,another con in the electoral college system is that the same fiasco in 2000 will break out again. ,were the legislatures are responsible for picking electors and they dont take in to concideration of other people votes. the con that could mostly imp,another con in the electoral college system is that the same fiasco in 2000 will break out again. ,correct,"Text matches annotation; boundaries on word/punctuation; start 0 chars from supplied offset, consistent with neighbours.",correct,confirmed by user,correct | wrong_location | wrong_boundary | wrong_role | unsure
offset_exact_control,persuade:592F8F39E3EA,persuade-span:f670ade7a6eac72bdf6154cd,Unannotated,inclusive_exact,597,633,597,634,0,"For someone that is usually neutral, ", of electors in it voting for the president. It is almost always an one-sided battle for whoever that agrees or disagrees with the Electoral Colloge. ,"For someone that is usually neutral, ","i am in favor of keeping the Electoral College as the United States choose their president.

To begin with, even though the Electoral College is criti","For someone that is usually neutral, ",correct,"Text matches annotation; boundaries on word/punctuation; start 0 chars from supplied offset, consistent with neighbours.",correct,confirmed by user,correct | wrong_location | wrong_boundary | wrong_role | unsure
offset_exact_control,persuade:4BB5ADD5A1FE,persuade-span:25e4ff0d43334f475a934764,Unannotated,inclusive_exact,0,15,0,16,0,"Dear senater ,

",,"Dear senater ,

",I know befor you were senator you voted just like us and you know how frustrating it can be somethings. The Electoral Collage sould be discarted and P,"Dear senater ,

",correct,"Text matches annotation; boundaries on word/punctuation; start 0 chars from supplied offset, consistent with neighbours.",correct,confirmed by user,correct | wrong_location | wrong_boundary | wrong_role | unsure
offset_exact_control,persuade:ACAB1FCA0A30,persuade-span:31a186af6c6410c3e69dedbd,Unannotated,inclusive_exact,371,372,371,373,0,. , in the past have refused to vote for their party's candidate and I would be very mad if that happened to me. Voters feel like their votes don't count,. ,"The Electoral College, to voters, is unfair.

I don't like that representatives from each state, represent a number of voters that make a huge differe",. ,correct,"Text matches annotation; boundaries on word/punctuation; start 0 chars from supplied offset, consistent with neighbours.",correct,confirmed by user,correct | wrong_location | wrong_boundary | wrong_role | unsure
offset_exact_control,persuade:0A9A938F883C,persuade-span:d2bb9afe43b2140247974847,Evidence,inclusive_exact,206,361,206,362,0,"The Electoral College is ""unfair, outdated, and irrational."" (Plumer, paragraph 14). There are so many reasons as to why you should change to popular vote, ",bout whether or not to keep the electoral college or to change the election process by popular vote. The best way to go would be to use popular vote. ,"The Electoral College is ""unfair, outdated, and irrational."" (Plumer, paragraph 14). There are so many reasons as to why you should change to popular vote, ","When you vote for your candidate, you're actually voting for your candidates electors, sometimes the state legislatures pick the electors, and also it","The Electoral College is ""unfair, outdated, and irrational."" (Plumer, paragraph 14). There are so many reasons as to why you should change to popular vote, ",correct,"Text matches annotation; boundaries on word/punctuation; start 0 chars from supplied offset, consistent with neighbours.",correct,confirmed by user,correct | wrong_location | wrong_boundary | wrong_role | unsure
offset_exact_control,persuade:7AC66E0CFAAA,persuade-span:607b09bfaca0765fffcebeb6,Position,inclusive_exact,23,77,23,78,0,I argue in the favor of keeping the electoral college. ,"Dear,

State Senator,

",I argue in the favor of keeping the electoral college. ,"I think that it really doesn't matter what a single person vote can do. One vote will not make a difference. The state uses the americans vote, to see",I argue in the favor of keeping the electoral college. ,correct,"Text matches annotation; boundaries on word/punctuation; start 0 chars from supplied offset, consistent with neighbours.",correct,confirmed by user,correct | wrong_location | wrong_boundary | wrong_role | unsure
offset_exact_control,persuade:154A911FB91C,persuade-span:8d3564314c8d5359e5da0603,Position,inclusive_exact,0,78,0,79,0,"Mr. Senator election by popular vote is the way to go, let the people decide!  ",,"Mr. Senator election by popular vote is the way to go, let the people decide!  ",It's their choice to pick who runs the U.S.A. this is the choice of who they want to run the country.  The citizens should have a right to vote for wh,"Mr. Senator election by popular vote is the way to go, let the people decide!  ",correct,"Text matches annotation; boundaries on word/punctuation; start 0 chars from supplied offset, consistent with neighbours.",correct,confirmed by user,correct | wrong_location | wrong_boundary | wrong_role | unsure
offset_exact_control,persuade:39DD51C9D811,persuade-span:26bed5f5f8217fcf1e94355f,Unannotated,inclusive_exact,344,481,344,482,0,"
The State conventions, the presidential candidates, the state party's central committee they all should vote or choose at the same time. ","t them all not 270/538 because its not fair. I am Agree with the ""Certificate of Ascertainment"" they can have a certificate even if they did not won.
","
The State conventions, the presidential candidates, the state party's central committee they all should vote or choose at the same time. ","Voters get confused because the state convention, presidential candidates and the state central committee don't make up their minds....Why American pe","
The State conventions, the presidential candidates, the state party's central committee they all should vote or choose at the same time. ",correct,"Text matches annotation; boundaries on word/punctuation; start 0 chars from supplied offset, consistent with neighbours.",correct,confirmed by user,correct | wrong_location | wrong_boundary | wrong_role | unsure
offset_exact_control,persuade:518B562DBD6B,persuade-span:415a885387cbef391a837dd9,Position,inclusive_exact,39,304,39,305,0,"I would want you to keep The Electoral College the same for its been up to Congress and popular votes from the citizens to elect the President and Vice President all this time. If we change The Electoral College , we might end up having to change a few more things. ","Dear State Senator

Feburary 5 , 2015

","I would want you to keep The Electoral College the same for its been up to Congress and popular votes from the citizens to elect the President and Vice President all this time. If we change The Electoral College , we might end up having to change a few more things. ",So far The Electoral College has kept this country great with its voting way for President and Vice President. Changing The Electoral College will bre,"I would want you to keep The Electoral College the same for its been up to Congress and popular votes from the citizens to elect the President and Vice President all this time. If we change The Electoral College , we might end up having to change a few more things. ",correct,"Text matches annotation; boundaries on word/punctuation; start 0 chars from supplied offset, consistent with neighbours.",correct,confirmed by user,correct | wrong_location | wrong_boundary | wrong_role | unsure
offset_exact_control,persuade:69FFE53A2E5E,persuade-span:6b920e1cdba39c0d55be0f01,Unannotated,inclusive_exact,441,557,441,558,0,"
With the Electoral College, there is a very rare chance that there would be a tie in the nationwide electoral vote. ","ficial factors to the Electoral College process that would be lost if we changed the election by popular vote for the president of the United States.
","
With the Electoral College, there is a very rare chance that there would be a tie in the nationwide electoral vote. ","However, according to

In Defense of the Electoral College: Five reasons to keep our despised method of choosing the President by Richard A. Posner, ""","
With the Electoral College, there is a very rare chance that there would be a tie in the nationwide electoral vote. ",correct,"Text matches annotation; boundaries on word/punctuation; start 0 chars from supplied offset, consistent with neighbours.",correct,confirmed by user,correct | wrong_location | wrong_boundary | wrong_role | unsure
kept_order_swap,persuade:13FB62D377E3,persuade-span:569fe35cec79f35f4f1b8042,Claim,unique_exact,472,672,450,651,-22,So if you really feel the need of taking down the collage go ahead and do it. It will be better and in the future we can make another one and make it bigger and better then the one we have right know. ,"ke and pick somebody they don't want so if you do it by paper, and give people what the president will do for us peolpe might make the right choise.

",So if you really feel the need of taking down the collage go ahead and do it. It will be better and in the future we can make another one and make it bigger and better then the one we have right know. ,"It might hurt some people I know that, but once we get the new one they won't be so dissaponited because you got ridd of the old one. So make a good c",the need of taking down the collage go ahead and do it. It will be better and in the future we can make another one and make it bigger and better then the one we have right know. It might hurt some peo,correct,"Text matches annotation; boundaries on word/punctuation; start -22 chars from supplied offset, consistent with neighbours.",correct,confirmed by user,correct | wrong_location | wrong_boundary | wrong_role | unsure
kept_order_swap,persuade:13FB62D377E3,persuade-span:bfe18e107f642bb54d9f9a50,Unannotated,offset_trimmed,469,471,467,469,-2,fe ,"ody they don't want so if you do it by paper, and give people what the president will do for us peolpe might make the right choise.

So if you really ",fe,el the need of taking down the collage go ahead and do it. It will be better and in the future we can make another one and make it bigger and better t,el ,wrong_boundary,"SOURCE ARTEFACT, not a recovery error: gap row is a word fragment overlapping a labelled Claim span. Harmless if Unannotated is excluded from evaluation.",wrong_boundary,confirmed by user,correct | wrong_location | wrong_boundary | wrong_role | unsure
kept_order_swap,persuade:3A5D35053D40,persuade-span:c009402349a8c3b81e971b1a,Claim,offset_trimmed,543,614,548,618,5,"it doesn't allow everyone to know the true facts about each candidate. 
","way to go when it comes to voting for the President. The reasons being for this is that the Electoral College doesn't truly represent the people, and ",it doesn't allow everyone to know the true facts about each candidate.,"

First of all, the Electoral College does not represent everyone truly. The Electoral College is overall risky. It is stated by Bradford Plumer from ", and it doesn't allow everyone to know the true facts about each candida,correct,"Text matches annotation; boundaries on word/punctuation; start 5 chars from supplied offset, consistent with neighbours.",correct,confirmed by user,correct | wrong_location | wrong_boundary | wrong_role | unsure
kept_order_swap,persuade:FB5189EE173C,persuade-span:f7a41f2e8ec6dea2964ba592,Claim,offset_trimmed,420,505,416,500,-4,"lastely without the electorial college there would be a greater chance of a dispute. 
","s, if we used just popular vote candidtates would just go to bigger states like Florida, California, Texas, and Georgia and win the popular vote, and ",lastely without the electorial college there would be a greater chance of a dispute.,"

Five reasons to keep the electiorial college are:

1. Certainty of Outcome

A dispute over the outcome of an Electorial College vote is possible but","ely without the electorial college there would be a greater chance of a dispute.

Five",correct,"Text matches annotation; boundaries on word/punctuation; start -4 chars from supplied offset, consistent with neighbours.",correct,confirmed by user,correct | wrong_location | wrong_boundary | wrong_role | unsure
kept_order_swap,persuade:B40F33AD93D5,persuade-span:1167ebf090477ec5e36b752c,Unannotated,offset_trimmed,773,776,773,776,0,las ,"an electoral colledge. For one,professional slate of electors can be trusted to vote for the party's nominee. Two,this method is more convienient,and ",las,"tly posses more acuracy.

The first reason why keeping the electoral colledge is important is because of professional slate of electors. these people ",last,wrong_boundary,"SOURCE ARTEFACT, not a recovery error: gap row is a word fragment overlapping a labelled Claim span. Harmless if Unannotated is excluded from evaluation.",wrong_boundary,confirmed by user,correct | wrong_location | wrong_boundary | wrong_role | unsure
kept_order_swap,persuade:EFC2879F0C83,persuade-span:4ad89458b144a4406cedb24c,Unannotated,offset_trimmed,1055,1058,1054,1057,-1,hen ,curing a true democratic result for the leader of the USA. People say that the Electoral College is outdated because the times have moved on... well t,hen,", if that's true, I suppose we should just drop America's image of Freedom because it was made by some stupid old guys. Ummm... No. It is LOGICAL that","en, ",wrong_boundary,"SOURCE ARTEFACT, not a recovery error: gap row is a word fragment overlapping a labelled Claim span. Harmless if Unannotated is excluded from evaluation.",wrong_boundary,confirmed by user,correct | wrong_location | wrong_boundary | wrong_role | unsure
kept_order_swap,persuade:FB5189EE173C,persuade-span:77b49bf935e4adcb63ad747e,Unannotated,offset_trimmed,415,419,416,420,1,last ,"s, if we used just popular vote candidtates would just go to bigger states like Florida, California, Texas, and Georgia and win the popular vote, and ",last,"ely without the electorial college there would be a greater chance of a dispute.

Five reasons to keep the electiorial college are:

1. Certainty of O", last,wrong_boundary,"SOURCE ARTEFACT, not a recovery error: gap row is a word fragment overlapping a labelled Claim span. Harmless if Unannotated is excluded from evaluation.",wrong_boundary,confirmed by user,correct | wrong_location | wrong_boundary | wrong_role | unsure
kept_order_swap,persuade:20C0FA255C6E,persuade-span:0b3021cbc5f3da3b5d8dc889,Unannotated,offset_trimmed,2881,2893,2886,2898,5,To prevent t ,"ake the other states feel left out, like ""the new president will have no regard for their interests, that he really isn't their president."" (Posner)

",To prevent t,"he states to feel left out and to prevent an injustice such as this one, we should end the anachronism that is the Electoral College. ""...The electora","er)

To preve",wrong_boundary,"SOURCE ARTEFACT, not a recovery error: gap row is a word fragment overlapping a labelled Concluding Statement span. Harmless if Unannotated is excluded from evaluation.",wrong_boundary,confirmed by user,correct | wrong_location | wrong_boundary | wrong_role | unsure
kept_order_swap,persuade:B40F33AD93D5,persuade-span:547faa695b84c7d79ff2dbf8,Claim,offset_trimmed,777,804,773,800,-4,lastly posses more acuracy. ,"an electoral colledge. For one,professional slate of electors can be trusted to vote for the party's nominee. Two,this method is more convienient,and ",lastly posses more acuracy.,"

The first reason why keeping the electoral colledge is important is because of professional slate of electors. these people or voted on by inndividu","ly posses more acuracy.

The",correct,"Text matches annotation; boundaries on word/punctuation; start -4 chars from supplied offset, consistent with neighbours.",correct,confirmed by user,correct | wrong_location | wrong_boundary | wrong_role | unsure
kept_order_swap,persuade:3A5D35053D40,persuade-span:c40cb77b2cc4702614e451eb,Unannotated,unique_trimmed,537,542,563,568,26,w eve ,"it comes to voting for the President. The reasons being for this is that the Electoral College doesn't truly represent the people, and it doesn't allo",w eve,"ryone to know the true facts about each candidate.

First of all, the Electoral College does not represent everyone truly. The Electoral College is ov","eople,",wrong_boundary,"SOURCE ARTEFACT, not a recovery error: gap row is a word fragment overlapping a labelled Claim span. Harmless if Unannotated is excluded from evaluation.",wrong_boundary,confirmed by user,correct | wrong_location | wrong_boundary | wrong_role | unsure
kept_order_swap,persuade:EFC2879F0C83,persuade-span:d2245228f12a2edc94fdc40f,Claim,unique_trimmed,1059,1198,1048,1187,-11,"well then, if that's true, I suppose we should just drop America's image of Freedom because it was made by some stupid old guys. Ummm... No ", in securing a true democratic result for the leader of the USA. People say that the Electoral College is outdated because the times have moved on... ,"well then, if that's true, I suppose we should just drop America's image of Freedom because it was made by some stupid old guys. Ummm... No",. It is LOGICAL that true DEMOCRACY would be the greater portion of the PEOPLE that VOTE for the PRESIDENT. The opposite side of this argument says th,"if that's true, I suppose we should just drop America's image of Freedom because it was made by some stupid old guys. Ummm... No. It is LOGI",correct,"Text matches annotation; boundaries on word/punctuation; start -11 chars from supplied offset, consistent with neighbours.",correct,confirmed by user,correct | wrong_location | wrong_boundary | wrong_role | unsure
kept_order_swap,persuade:20C0FA255C6E,persuade-span:e8f992c169d446c5c9519942,Concluding Statement,offset_trimmed,2894,3415,2886,3407,-8,"To prevent the states to feel left out and to prevent an injustice such as this one, we should end the anachronism that is the Electoral College. ""...The electoral college is unfair, outdated, and irrational. The best arguments in favor of it are mostly assertions without much basis in reality. And the arguments against direct elections are spurious at best."" Richard Nixon, Jimmy Carter, Bob Dole, the U.S. Chamber of Commerce, and the AFL-CIO have all agreed on it at one point in time: ""Abolish the Electoral College ","ake the other states feel left out, like ""the new president will have no regard for their interests, that he really isn't their president."" (Posner)

","To prevent the states to feel left out and to prevent an injustice such as this one, we should end the anachronism that is the Electoral College. ""...The electoral college is unfair, outdated, and irrational. The best arguments in favor of it are mostly assertions without much basis in reality. And the arguments against direct elections are spurious at best."" Richard Nixon, Jimmy Carter, Bob Dole, the U.S. Chamber of Commerce, and the AFL-CIO have all agreed on it at one point in time: ""Abolish the Electoral College","!"" (Plumer).

Sincerely,

PROPER_NAME SCHOOL_NAME

CITY_STATE   ","nt the states to feel left out and to prevent an injustice such as this one, we should end the anachronism that is the Electoral College. ""...The electoral college is unfair, outdated, and irrational. The best arguments in favor of it are mostly assertions without much basis in reality. And the arguments against direct elections are spurious at best."" Richard Nixon, Jimmy Carter, Bob Dole, the U.S. Chamber of Commerce, and the AFL-CIO have all agreed on it at one point in time: ""Abolish the Electoral College!"" (Plume",correct,"Text matches annotation; boundaries on word/punctuation; start -8 chars from supplied offset, consistent with neighbours.",correct,confirmed by user,correct | wrong_location | wrong_boundary | wrong_role | unsure
